Date,y_true,prob_RF,pred_RF,prob_XGBoost,pred_XGBoost,prob_LogReg,pred_LogReg
2017-03-21,0,0.44630933410518536,0,0.2685613,0,0.25934158509360977,0
2017-03-22,1,0.474696629292802,0,0.38385972,0,0.4485609562326348,0
2017-03-23,1,0.49092683411259846,0,0.39474612,0,0.3791036018362796,0
2017-03-24,1,0.48457040000276974,0,0.41330343,0,0.3695772337442493,0
2017-03-27,0,0.48485392452444337,0,0.39362967,0,0.5255427369771476,1
2017-03-28,1,0.5320854653449917,1,0.5738947,1,0.5358587105083492,1
2017-03-29,1,0.5274738662091917,1,0.54063016,1,0.4956535771904145,0
2017-03-30,0,0.5280786036966368,1,0.5470933,1,0.48409765586942777,0
2017-03-31,0,0.4091611803947858,0,0.42546943,0,0.34864853002019874,0
2017-04-03,1,0.5533618460194046,1,0.6953091,1,0.7717884718003122,1
2017-04-04,0,0.527864568179016,1,0.6211446,1,0.6962897086883351,1
2017-04-05,1,0.44404314261904176,0,0.44956973,0,0.5766284331547039,1
2017-04-07,1,0.5676855546136043,1,0.7361439,1,0.60274275901105,1
2017-04-10,1,0.3999850114009255,0,0.297845,0,0.5085001359159532,1
2017-04-11,0,0.40005579350010073,0,0.32083583,0,0.39500299287583096,0
2017-04-12,0,0.48293094040906764,0,0.4639172,0,0.5305244545949641,1
2017-04-13,0,0.5452258364481727,1,0.648509,1,0.5110167128936378,1
2017-04-14,0,0.544053634597171,1,0.6246799,1,0.43821712103910454,0
2017-04-17,1,0.5463470524585834,1,0.7433948,1,0.6375243708212182,1
2017-04-18,1,0.48436792514262333,0,0.45086038,0,0.45282397648607053,0
2017-04-19,0,0.4887831477223758,0,0.60540813,1,0.5247443894888516,1
2017-04-20,0,0.486947161887117,0,0.49951673,0,0.40604949341083835,0
2017-04-21,0,0.4496579011332693,0,0.4022175,0,0.32143249678000035,0
2017-04-24,0,0.5395411675380044,1,0.6740679,1,0.6649203760189145,1
2017-04-25,1,0.5213395756310483,1,0.63926953,1,0.5738063241756634,1
2017-04-26,1,0.537170557886379,1,0.65096474,1,0.6116803326238432,1
2017-04-27,1,0.5569507202972648,1,0.5719475,1,0.6501127075721276,1
2017-04-28,1,0.5095767419727772,1,0.5719684,1,0.3876824422305378,0
2017-05-03,1,0.5692758524564244,1,0.7331017,1,0.5876677241504502,1
2017-05-04,0,0.5679963269869142,1,0.6764426,1,0.5486584499125605,1
2017-05-05,0,0.520882606831122,1,0.7109784,1,0.3944943696007336,0
2017-05-08,1,0.584991008570455,1,0.6890885,1,0.5923367851107397,1
2017-05-09,1,0.5552492555305667,1,0.7111341,1,0.5001497493423898,1
2017-05-10,0,0.49794936066473855,0,0.6042961,1,0.5275998441096057,1
2017-05-11,0,0.4636041773224175,0,0.4866361,0,0.5129819177740388,1
2017-05-12,0,0.5150633182073533,1,0.6395907,1,0.43850180928097443,0
2017-05-15,0,0.5532638260305665,1,0.6226748,1,0.5814543569676595,1
2017-05-16,1,0.5521047528652869,1,0.59329337,1,0.4369684063901631,0
2017-05-17,0,0.41918787088141385,0,0.2964952,0,0.17281826587867952,0
2017-05-18,1,0.5327579870377,1,0.607655,1,0.6010199650001743,1
2017-05-19,1,0.5449687930179942,1,0.65974,1,0.6690646075283192,1
2017-05-22,0,0.5670353185484883,1,0.65498143,1,0.7276609189284415,1
2017-05-23,1,0.5181499238810626,1,0.5916013,1,0.5221145514016634,1
2017-05-24,0,0.5389853685068053,1,0.68046224,1,0.58813427461772,1
2017-05-25,1,0.5015044227898838,1,0.48095536,0,0.5777627469674826,1
2017-05-26,1,0.538241076843645,1,0.5944554,1,0.5554545869841178,1
2017-05-29,0,0.5261004526151275,1,0.4557206,0,0.6978901915374847,1
2017-05-30,0,0.5131448279812427,1,0.61480725,1,0.5520400469918683,1
2017-05-31,1,0.5856322920583039,1,0.8049048,1,0.6459377185961664,1
2017-06-01,0,0.5716177094141169,1,0.6291303,1,0.739168427013032,1
2017-06-02,1,0.5393860116120536,1,0.6532793,1,0.46639030976776413,0
2017-06-05,1,0.5497391131004916,1,0.7283491,1,0.6258765290829121,1
2017-06-06,1,0.5381335443608644,1,0.5977746,1,0.4992411034678043,0
2017-06-07,0,0.5339978495471289,1,0.49777442,0,0.558527401196346,1
2017-06-08,0,0.5212314814425631,1,0.5087406,1,0.49539917595699,0
2017-06-09,1,0.44826832719150095,0,0.42653364,0,0.30240673357029957,0
2017-06-12,1,0.4910447186531082,0,0.5015649,1,0.5090479780719791,1
2017-06-13,1,0.5722342791472764,1,0.60712236,1,0.6334505692605263,1
2017-06-14,0,0.4872985706212751,0,0.46909437,0,0.4419300670212981,0
2017-06-15,0,0.4551945092961198,0,0.39945638,0,0.41658045656463283,0
2017-06-16,1,0.5120848784866163,1,0.40273866,0,0.47476232235346083,0
2017-06-19,1,0.5171554457828317,1,0.43670073,0,0.5727686125261822,1
2017-06-20,0,0.426640580367039,0,0.24726693,0,0.3439978513431904,0
2017-06-21,0,0.5495562873694962,1,0.6634502,1,0.5261151535487661,1
2017-06-22,1,0.5033204746528664,1,0.4852153,0,0.4415617244485996,0
2017-06-23,1,0.5155896043707862,1,0.49458134,0,0.36165040857632125,0
2017-06-26,0,0.5043813769170603,1,0.46288145,0,0.5811308550334854,1
2017-06-27,1,0.4272627076597416,0,0.22387563,0,0.34784169976907703,0
2017-06-28,1,0.5526044539135676,1,0.66670716,1,0.673033602317965,1
2017-06-29,1,0.3923632623868143,0,0.13343248,0,0.3039271513472662,0
2017-06-30,1,0.5022687262204034,1,0.3648561,0,0.4107924340178766,0
2017-07-03,0,0.4694230967526313,0,0.49740192,0,0.5725241044874216,1
2017-07-04,1,0.4672948985837321,0,0.51433384,1,0.5175773935501622,1
2017-07-05,1,0.5169726729643336,1,0.5963102,1,0.6146139932042846,1
2017-07-06,0,0.37038551583713397,0,0.25205448,0,0.42148621119355884,0
2017-07-07,0,0.5524242965658575,1,0.58466303,1,0.6109649285458877,1
2017-07-10,1,0.5721931073137178,1,0.79861647,1,0.6023337738452106,1
2017-07-11,1,0.6155939275743143,1,0.71384066,1,0.5215801631264263,1
2017-07-12,1,0.5587775547452041,1,0.6764273,1,0.5894045494667935,1
2017-07-13,0,0.5252898017290959,1,0.56228524,1,0.6039299840336397,1
2017-07-14,0,0.5209409648590979,1,0.5540101,1,0.4287481778174036,0
2017-07-17,0,0.55114584024067,1,0.5286252,1,0.4367808272240142,0
2017-07-18,1,0.5788804749124474,1,0.67662215,1,0.33527055180561516,0
2017-07-19,0,0.5792229319067999,1,0.659963,1,0.5176216707326746,1
2017-07-20,0,0.5418648058358632,1,0.6080142,1,0.4114232407158788,0
2017-07-21,0,0.5525289857297228,1,0.58574176,1,0.496219404669955,0
2017-07-24,1,0.5647997426301063,1,0.79314363,1,0.5371102183453796,1
2017-07-25,1,0.5971946003345651,1,0.70749986,1,0.6031146554506379,1
2017-07-26,0,0.6130063589900551,1,0.7569364,1,0.6574097515238632,1
2017-07-27,1,0.5224195047082045,1,0.6444863,1,0.5870649238005051,1
2017-07-28,1,0.588346162109827,1,0.69749266,1,0.4583209142988998,0
2017-07-31,1,0.5809223910996218,1,0.68556786,1,0.6710834704341279,1
2017-08-01,0,0.5409534086256844,1,0.5510261,1,0.5810873114590287,1
2017-08-02,1,0.5600796826820506,1,0.70862246,1,0.5435871169530045,1
2017-08-03,0,0.5128397531767361,1,0.59287316,1,0.5275225021749022,1
2017-08-04,1,0.5139187218500965,1,0.55698466,1,0.4872282698189749,0
2017-08-07,0,0.5513870713724932,1,0.61185974,1,0.572246273994197,1
2017-08-08,0,0.42678356341113377,0,0.40524685,0,0.3757561406371936,0
2017-08-09,0,0.5973510469946599,1,0.87219507,1,0.4730019216428642,0
2017-08-10,0,0.45686357614141715,0,0.36984918,0,0.07335083443899566,0
2017-08-11,1,0.5603734895576818,1,0.6443446,1,0.3119600868040596,0
2017-08-14,0,0.5845602323825149,1,0.6801686,1,0.8211472974613417,1
2017-08-15,1,0.5025470962647172,1,0.5030226,1,0.4600549923988382,0
2017-08-16,0,0.555552845503025,1,0.72524434,1,0.6166643709167164,1
2017-08-17,1,0.40730481577237476,0,0.27479658,0,0.13139984302138003,0
2017-08-18,0,0.5634890665499015,1,0.6601418,1,0.6663572527228274,1
2017-08-21,0,0.5202010164494325,1,0.61519635,1,0.4899589881894344,0
2017-08-22,1,0.5479963157806945,1,0.66299796,1,0.6224203731507018,1
2017-08-23,1,0.4222648331085379,0,0.22816607,0,0.2787579146081128,0
2017-08-24,1,0.5301620923341356,1,0.50168204,1,0.4515168731563218,0
2017-08-25,1,0.5505788136535658,1,0.55569404,1,0.45706290927269,0
2017-08-28,0,0.5868432776118336,1,0.7180456,1,0.5379669563798665,1
2017-08-29,1,0.46440029018818135,0,0.4554761,0,0.34643461275006604,0
2017-08-30,1,0.5510891091934504,1,0.5177155,1,0.48808281125175973,0
2017-08-31,1,0.5303586717804506,1,0.5131699,1,0.4030903100305151,0
2017-09-01,1,0.4992080625579236,0,0.5344002,1,0.34830819159097454,0
2017-09-05,1,0.38505663405171686,0,0.1980337,0,0.20670561485476324,0
2017-09-06,1,0.5110468950204834,1,0.49161583,0,0.4934727688605432,0
2017-09-07,1,0.4778121828862546,0,0.38090235,0,0.3171946244122383,0
2017-09-08,0,0.41897092137593656,0,0.28252992,0,0.271351431400378,0
2017-09-11,1,0.5158147290104269,1,0.58188915,1,0.629223442930792,1
2017-09-12,1,0.48479017958731446,0,0.37244442,0,0.34160760628249615,0
2017-09-13,1,0.4874743191407587,0,0.38495883,0,0.4349478052819111,0
2017-09-14,0,0.4739653152442194,0,0.5184515,1,0.3906084849841335,0
2017-09-15,1,0.47198276005431516,0,0.3435653,0,0.43798586719116134,0
2017-09-18,0,0.5256403148375852,1,0.5124924,1,0.6087273816776341,1
2017-09-19,0,0.4844314478238896,0,0.46285525,0,0.3760824099061679,0
2017-09-20,0,0.5102786343869927,1,0.44423968,0,0.5866911296980349,1
2017-09-21,1,0.5050472857483893,1,0.34149402,0,0.39231525343739243,0
2017-09-22,0,0.5643511878264104,1,0.6884385,1,0.538743774436594,1
2017-09-25,0,0.4682924842577152,0,0.5771659,1,0.5359822961047036,1
2017-09-26,0,0.5484633072032078,1,0.6847227,1,0.6073838412962365,1
2017-09-27,1,0.49715296178026186,0,0.48276103,0,0.5875303783065513,1
2017-09-28,0,0.5364780695717901,1,0.5877629,1,0.5452151268510944,1
2017-09-29,0,0.48870133001068683,0,0.41982624,0,0.5367976519514307,1
2017-10-02,0,0.5357932600748283,1,0.6674936,1,0.6066601053275079,1
2017-10-03,1,0.6081774369632289,1,0.7159459,1,0.6659914957443488,1
2017-10-04,0,0.5876127488374336,1,0.66574764,1,0.6559821647789824,1
2017-10-05,1,0.45569140581799616,0,0.38045993,0,0.7057991029339948,1
2017-10-06,1,0.4386932938960148,0,0.26301593,0,0.4274235283595037,0
2017-10-09,1,0.4643493225359554,0,0.3121507,0,0.49858138954547504,0
2017-10-10,1,0.5264846392917664,1,0.56579655,1,0.5425536266310206,1
2017-10-11,1,0.5070346718319098,1,0.44342735,0,0.5834510547321912,1
2017-10-12,1,0.46946562378946616,0,0.3994666,0,0.5375945863085809,1
2017-10-13,0,0.4671706082238257,0,0.45256153,0,0.4603306986746321,0
2017-10-16,1,0.4205951528855625,0,0.22155656,0,0.37999913187733997,0
2017-10-17,0,0.47775012922301785,0,0.34908566,0,0.31941109083063113,0
2017-10-18,1,0.42213174260936503,0,0.27862257,0,0.39451907917935947,0
2017-10-19,0,0.4640301026975981,0,0.39468372,0,0.2985316769721474,0
2017-10-20,0,0.47054219980014494,0,0.3924052,0,0.41420490855358916,0
2017-10-23,1,0.4338999553790065,0,0.4387611,0,0.3436088307382989,0
2017-10-24,1,0.5835895584611146,1,0.71157384,1,0.4178204698981996,0
2017-10-25,0,0.5207765496915617,1,0.5992593,1,0.49523771408330597,0
2017-10-26,1,0.48109103265930847,0,0.5316166,1,0.46707219123634863,0
2017-10-27,1,0.5440273926061693,1,0.6060934,1,0.5111307424060383,1
2017-10-30,0,0.3539512332337885,0,0.15395036,0,0.2487861459680183,0
2017-10-31,1,0.4495784472204838,0,0.31254017,0,0.3743946314869554,0
2017-11-01,0,0.5337550753333954,1,0.4593291,0,0.4149171944005733,0
2017-11-02,1,0.4269531796963028,0,0.26703227,0,0.3683244030552513,0
2017-11-03,1,0.5412007182899079,1,0.500992,1,0.3869079712652236,0
2017-11-06,1,0.46774183368319094,0,0.3172167,0,0.2641008822739401,0
2017-11-07,1,0.5019682750256572,1,0.44594368,0,0.22424058850760983,0
2017-11-08,0,0.4404905836464914,0,0.3138927,0,0.30108452036656597,0
2017-11-09,1,0.3785254354818269,0,0.21699625,0,0.21472864946662248,0
2017-11-10,1,0.432777425571374,0,0.373762,0,0.19957709543366534,0
2017-11-13,1,0.4017735621231297,0,0.30972797,0,0.32325496017681987,0
2017-11-14,1,0.3730091217506455,0,0.25595388,0,0.17843146088987208,0
2017-11-15,1,0.3856395407694545,0,0.2982852,0,0.14416502362371866,0
2017-11-16,0,0.4597818296624461,0,0.56612164,1,0.2875215838198249,0
2017-11-17,1,0.36753392751342856,0,0.24067076,0,0.17826815357438,0
2017-11-20,1,0.4667356767699694,0,0.44634748,0,0.341745996201557,0
2017-11-21,1,0.491301623623163,0,0.58099264,1,0.3785280145029295,0
2017-11-22,1,0.36306882413012603,0,0.20407347,0,0.16308969116255065,0
2017-11-23,1,0.3662608439515181,0,0.20078962,0,0.16068506500684845,0
2017-11-24,1,0.3723033583301671,0,0.12539059,0,0.1567090627975925,0
2017-11-27,1,0.3792070025999069,0,0.15724726,0,0.27243800069566115,0
2017-11-28,1,0.38735031732786507,0,0.18594712,0,0.24362964864720246,0
2017-11-29,0,0.3892749338643252,0,0.21087137,0,0.2528223404872087,0
2017-11-30,1,0.3496648840827429,0,0.21476382,0,0.21814438822847126,0
2017-12-01,1,0.4492682550595552,0,0.50765115,1,0.19488272803085038,0
2017-12-04,0,0.3454608658577581,0,0.1572233,0,0.24060439861913546,0
2017-12-05,0,0.37445424972245517,0,0.19522384,0,0.3803538840787618,0
2017-12-06,0,0.5055452231615092,1,0.49088696,0,0.28829253239310787,0
2017-12-07,1,0.5249756642287067,1,0.6420031,1,0.43746497701683473,0
2017-12-08,0,0.5543281277240393,1,0.70339257,1,0.3744062633399769,0
2017-12-11,1,0.5000500173469689,1,0.43388745,0,0.5544382352739348,1
2017-12-12,0,0.4630626395487427,0,0.33563656,0,0.4729832008951905,0
2017-12-13,1,0.5310050223243434,1,0.66221446,1,0.33145306938547997,0
2017-12-14,0,0.5115804407515524,1,0.30426064,0,0.3039214259777406,0
2017-12-15,1,0.4667886505529326,0,0.29644594,0,0.19561725615527092,0
2017-12-18,0,0.5082824929100123,1,0.4029245,0,0.30325421707274974,0
2017-12-19,1,0.4413823961710626,0,0.24464943,0,0.2341715495294598,0
2017-12-20,0,0.5503054979217122,1,0.56315225,1,0.4187856535396308,0
2017-12-21,1,0.5096496004827381,1,0.32242033,0,0.2786744130216043,0
2017-12-22,1,0.5298940249632693,1,0.5226584,1,0.3173477232149859,0
2017-12-25,1,0.509728921295743,1,0.6476708,1,0.5208230265984453,1
2017-12-26,1,0.48815090470717487,0,0.42821658,0,0.43443866314997076,0
2017-12-27,1,0.4499916983819687,0,0.32984617,0,0.3168201894383235,0
2017-12-28,1,0.5064271869098441,1,0.5532475,1,0.45302118544430287,0
2017-12-29,1,0.39636014673792236,0,0.28267765,0,0.2990897224136632,0
2018-01-02,1,0.5585545926806784,1,0.8238589,1,0.693387286883754,1
2018-01-03,1,0.46223535936176235,0,0.55370307,1,0.5170418161102424,1
2018-01-04,0,0.409722374555623,0,0.24793614,0,0.39398781433048774,0
2018-01-05,1,0.3904544765815002,0,0.30569476,0,0.37262030476597463,0
2018-01-08,1,0.4325795591855606,0,0.32519194,0,0.47897899788557535,0
2018-01-09,1,0.3407520702323562,0,0.119079314,0,0.2912185293774527,0
2018-01-10,1,0.3710434420555589,0,0.20207024,0,0.4362035630132962,0
2018-01-11,1,0.3647505489449514,0,0.17143999,0,0.3821909719444974,0
2018-01-12,1,0.3471485942679764,0,0.23982145,0,0.2853847891228261,0
2018-01-15,0,0.40635112173968735,0,0.29042888,0,0.3639598315422713,0
2018-01-16,0,0.41484880572197125,0,0.33478218,0,0.18509849394560587,0
2018-01-17,1,0.4708421594370799,0,0.37112367,0,0.3417752367532711,0
2018-01-18,1,0.4807275229225882,0,0.359221,0,0.3523411262607108,0
2018-01-19,1,0.4665861292728486,0,0.36384827,0,0.28788587716384745,0
2018-01-22,0,0.4271894116998359,0,0.24645886,0,0.3991679626038444,0
2018-01-24,1,0.39705973803400313,0,0.36180618,0,0.24180838945817404,0
2018-01-25,1,0.4151755839315625,0,0.322601,0,0.3126957264097919,0
2018-01-26,0,0.4586054277499243,0,0.33772317,0,0.3721233461271233,0
2018-01-29,0,0.3572816315637852,0,0.20562218,0,0.26231806156358667,0
2018-01-30,0,0.46240898384605467,0,0.45793304,0,0.3266856446607422,0
2018-01-31,0,0.49521239163491043,0,0.500848,1,0.5736227526973599,1
2018-02-01,1,0.48440415360213535,0,0.62968236,1,0.3987684925394166,0
2018-02-02,0,0.4333894522876908,0,0.33628222,0,0.18546496960932743,0
2018-02-05,0,0.3856640701082445,0,0.16452077,0,0.007328882270334616,0
2018-02-06,1,0.5208637252810226,1,0.596211,1,0.6233558798394219,1
2018-02-07,0,0.5708413867349995,1,0.6060286,1,0.5365448871094677,1
2018-02-08,0,0.44613267367594756,0,0.2983209,0,0.2178368135640514,0
2018-02-09,1,0.4923880838114827,0,0.47815728,0,0.5294862336119548,1
2018-02-12,1,0.5524606236004915,1,0.5025422,1,0.5015883063111357,1
2018-02-13,1,0.5355041500274738,1,0.2923906,0,0.2788237905381483,0
2018-02-21,0,0.6161604210262979,1,0.6038048,1,0.7346754918112385,1
2018-02-22,1,0.4733194506482888,0,0.3753031,0,0.26116961889664825,0
2018-02-23,1,0.5361163251691535,1,0.5137978,1,0.32162920060270017,0
2018-02-26,1,0.5207818112336904,1,0.40476653,0,0.6224317266174483,1
2018-02-27,1,0.4001953502305222,0,0.2113776,0,0.31886418696343666,0
2018-02-28,0,0.46432819048725177,0,0.45595813,0,0.2928999143352919,0
2018-03-01,1,0.4115185024231081,0,0.18827793,0,0.20569817017474196,0
2018-03-02,0,0.5770262779689129,1,0.8034026,1,0.47333805906239307,0
2018-03-05,1,0.47939552230828725,0,0.44660497,0,0.5887322575394195,1
2018-03-06,0,0.5777022228329833,1,0.48730066,0,0.4127090668980384,0
2018-03-07,1,0.4734302894430001,0,0.4499605,0,0.35948651414493976,0
2018-03-08,0,0.6088821150215804,1,0.7990013,1,0.3515919481995736,0
2018-03-09,1,0.4779668644257207,0,0.40735596,0,0.396361290896889,0
2018-03-12,1,0.4580664274841625,0,0.30724412,0,0.20950961486857145,0
2018-03-13,1,0.4329397946160979,0,0.30786738,0,0.259871973937807,0
2018-03-14,0,0.3945612154277226,0,0.22292614,0,0.2546952667586692,0
2018-03-15,1,0.4379042740462508,0,0.2858881,0,0.1959932195805725,0
2018-03-16,1,0.455053974957652,0,0.46214977,0,0.3190209146062919,0
2018-03-19,0,0.33348276200998894,0,0.11455811,0,0.1063626023334596,0
2018-03-20,1,0.44329662145509086,0,0.3581104,0,0.33134800175911294,0
2018-03-21,1,0.4655688011287532,0,0.34238565,0,0.4326535961325879,0
2018-03-22,0,0.4250700643518941,0,0.37618315,0,0.22365627339408328,0
2018-03-23,1,0.4200853129714086,0,0.25293598,0,0.2722866218478846,0
2018-03-26,0,0.6306470563592483,1,0.843283,1,0.8197092978329913,1
2018-03-27,0,0.5021021561808088,1,0.6289361,1,0.5526810995365199,1
2018-03-28,0,0.516994570989853,1,0.5089264,1,0.47933413793515034,0
2018-03-29,1,0.5420556166315054,1,0.49137262,0,0.6553838645212495,1
2018-03-30,1,0.5577974331041832,1,0.69309497,1,0.5367507661684036,1
2018-04-02,0,0.4456086979477493,0,0.39739317,0,0.3489291777393725,0
2018-04-03,1,0.558459727106095,1,0.7336184,1,0.6273651838181987,1
2018-04-04,1,0.4820378759483925,0,0.45249707,0,0.39162913740519406,0
2018-04-05,1,0.5033593784982194,1,0.58093685,1,0.44528752775261937,0
2018-04-06,1,0.4283276514646577,0,0.3028248,0,0.2725303901370286,0
2018-04-09,0,0.5760637015944341,1,0.48529446,0,0.4789475952318991,0
2018-04-10,0,0.5982043868948801,1,0.8259851,1,0.5293211629143008,1
2018-04-11,1,0.5030364855999264,1,0.5560085,1,0.490224767117896,0
2018-04-12,0,0.5591675914389904,1,0.5847392,1,0.5433313923449579,1
2018-04-13,0,0.498709509367147,0,0.48554492,0,0.6386789248964179,1
2018-04-16,1,0.47901123004762797,0,0.42057145,0,0.4673021402088544,0
2018-04-17,0,0.5337439168739188,1,0.7115492,1,0.5086735488990513,1
2018-04-18,0,0.489854691804596,0,0.5290865,1,0.4055886599457488,0
2018-04-19,1,0.5206566212963057,1,0.6752864,1,0.5425264364457183,1
2018-04-20,0,0.40839377594388937,0,0.31138524,0,0.3785792433118943,0
2018-04-23,1,0.5233579312692485,1,0.69022954,1,0.6579906481514198,1
2018-04-24,0,0.42199241417896793,0,0.16548729,0,0.26442530814666326,0
2018-04-26,1,0.5284191102631636,1,0.6625538,1,0.7688983469872689,1
2018-04-27,0,0.5064209377254953,1,0.4407419,0,0.35029649110372013,0
2018-05-02,0,0.5062233301789447,1,0.6848625,1,0.46537897245424886,0
2018-05-03,0,0.4976022785036808,0,0.52914464,1,0.4169358122835682,0
2018-05-04,1,0.5089612324917835,1,0.6066152,1,0.4778858776288898,0
2018-05-07,0,0.5094950103300528,1,0.30683222,0,0.3408611971403729,0
2018-05-08,0,0.5485932565331043,1,0.51095873,1,0.43939019633856335,0
2018-05-09,0,0.5322643174333552,1,0.6335945,1,0.5307878221682935,1
2018-05-10,1,0.5282714775489207,1,0.63492477,1,0.5941623050482657,1
2018-05-11,1,0.5441665447528627,1,0.49332204,0,0.5040222465528047,1
2018-05-14,1,0.5502362350628374,1,0.5353227,1,0.5562190050446301,1
2018-05-15,0,0.44337004957279913,0,0.29571804,0,0.2957533642013297,0
2018-05-16,0,0.4673474305220623,0,0.39268062,0,0.5197431971930022,1
2018-05-17,1,0.48463467876736693,0,0.48487583,0,0.426763850738002,0
2018-05-18,0,0.5274366309880218,1,0.45215404,0,0.5007915460296067,1
2018-05-21,0,0.5053810915762644,1,0.44567883,0,0.547624647816277,1
2018-05-22,1,0.5354355749379901,1,0.63113743,1,0.5731968387665154,1
2018-05-23,0,0.4921267175721151,0,0.552536,1,0.6169459749562896,1
2018-05-24,0,0.47591653829384256,0,0.4173863,0,0.4586411839751798,0
2018-05-25,0,0.4314080402351538,0,0.4578704,0,0.5521411258715019,1
2018-05-28,1,0.5637302002096014,1,0.7177585,1,0.7466943383447868,1
2018-05-29,0,0.3834403210359181,0,0.2823784,0,0.3825623432961354,0
2018-05-30,1,0.5276914464037656,1,0.7007886,1,0.5831004024637191,1
2018-05-31,1,0.5057501745167723,1,0.5784298,1,0.4866475297137286,0
2018-06-01,1,0.5325276401779663,1,0.526646,1,0.5413461584777647,1
2018-06-04,1,0.5414977523885582,1,0.45697784,0,0.4515889515971404,0
2018-06-05,1,0.5664857261238869,1,0.8192714,1,0.46391712270013447,0
2018-06-06,1,0.5364892590659823,1,0.5016327,1,0.47964047394509324,0
2018-06-07,1,0.5331896241958414,1,0.61060596,1,0.4690771469782654,0
2018-06-08,0,0.5331479568017062,1,0.7201238,1,0.40655016506404046,0
2018-06-11,0,0.5454326586994229,1,0.72199744,1,0.5458729110104574,1
2018-06-12,1,0.5417592734154907,1,0.5682537,1,0.5837613080819054,1
2018-06-13,0,0.4936826952472929,0,0.5392609,1,0.3830848376137267,0
2018-06-14,0,0.5004962732943228,1,0.61279464,1,0.6071322106231903,1
2018-06-15,0,0.4868944002410468,0,0.39438453,0,0.43874940552286545,0
2018-06-18,0,0.4929315611050211,0,0.45753816,0,0.6401408475755622,1
2018-06-19,1,0.4285967807400541,0,0.40440255,0,0.44478730383215404,0
2018-06-20,0,0.5740829063290686,1,0.6722893,1,0.595800198247092,1
2018-06-21,1,0.4078873317552438,0,0.27044836,0,0.28836782813471235,0
2018-06-22,1,0.5621564779211441,1,0.7208681,1,0.48615377938945725,0
2018-06-25,0,0.4112068151043857,0,0.2625209,0,0.22382802043381153,0
2018-06-26,0,0.5526961124709554,1,0.7229442,1,0.535071394383874,1
2018-06-27,0,0.3493524086763856,0,0.19187172,0,0.2777418025775834,0
2018-06-28,1,0.5375574688496948,1,0.65721095,1,0.5788528042345527,1
2018-06-29,0,0.5527552590593258,1,0.64764005,1,0.46102863207528805,0
2018-07-02,0,0.5176287681724961,1,0.739404,1,0.5975737571752598,1
2018-07-03,1,0.47111395644303666,0,0.51218706,1,0.53889432656203,1
2018-07-04,0,0.54658052287079,1,0.74629396,1,0.5788503967286036,1
2018-07-05,1,0.5122215226478144,1,0.7049856,1,0.7725044247047884,1
2018-07-06,0,0.5331185146531638,1,0.7120226,1,0.6705255393398103,1
2018-07-09,0,0.5821223130208032,1,0.75622874,1,0.6837050488867361,1
2018-07-10,0,0.5448305698731479,1,0.64861375,1,0.5397644260182022,1
2018-07-11,1,0.3980253487261083,0,0.39143223,0,0.45533446194258964,0
2018-07-12,1,0.5641280857264855,1,0.6317029,1,0.7351074993250861,1
2018-07-13,1,0.5364104283411357,1,0.5806386,1,0.5732687771201627,1
2018-07-16,1,0.47616239553380696,0,0.58156747,1,0.33765489573963037,0
2018-07-17,1,0.5283009208196392,1,0.6940552,1,0.40324313900560754,0
2018-07-18,1,0.5325755424851334,1,0.66031164,1,0.32314070865625566,0
2018-07-19,0,0.4553244311061731,0,0.37381122,0,0.25563865910691824,0
2018-07-20,1,0.5127027081693035,1,0.5886216,1,0.3350064706248489,0
2018-07-23,0,0.5161551087423886,1,0.42601395,0,0.439096746119382,0
2018-07-24,0,0.5501488892424854,1,0.7691717,1,0.4320477943163965,0
2018-07-25,1,0.5572449965397346,1,0.79925954,1,0.5811486490532072,1
2018-07-26,1,0.5291173701979152,1,0.654508,1,0.4681027693961864,0
2018-07-27,1,0.43849038861452866,0,0.4055335,0,0.4804332032225375,0
2018-07-30,1,0.4620224196353203,0,0.46222118,0,0.5105989670901794,1
2018-07-31,0,0.5710487996818622,1,0.77243465,1,0.6277244870450829,1
2018-08-01,0,0.5041740720614298,1,0.52300006,1,0.4065030410984989,0
2018-08-02,1,0.47924694665348727,0,0.4258996,0,0.4082577153356783,0
2018-08-03,0,0.5323799229614543,1,0.659892,1,0.41840038015198144,0
2018-08-06,0,0.5045023500969954,1,0.54321194,1,0.4890705083551277,0
2018-08-07,1,0.5577500764534206,1,0.71022063,1,0.46667884481056565,0
2018-08-08,0,0.5525946365739828,1,0.7063891,1,0.4256642629492043,0
2018-08-09,1,0.5414815550416135,1,0.67360455,1,0.43967394208232197,0
2018-08-10,1,0.41930068149091254,0,0.32356665,0,0.24975735980801086,0
2018-08-13,0,0.3825200670662879,0,0.26968163,0,0.30568972837686287,0
2018-08-14,0,0.5068662458078542,1,0.44796157,0,0.48294663548529243,0
2018-08-15,1,0.3937636314129811,0,0.42758942,0,0.3216558369519459,0
2018-08-16,1,0.5143816242578771,1,0.53382486,1,0.47255098638386567,0
2018-08-17,0,0.528388683003463,1,0.60143304,1,0.43159362801988255,0
2018-08-20,1,0.5287205383248892,1,0.62097406,1,0.4627616122798725,0
2018-08-21,1,0.5312784325136951,1,0.5484315,1,0.419111944900883,0
2018-08-22,1,0.5180467708757428,1,0.5913327,1,0.46220887416327805,0
2018-08-23,0,0.49344997709980193,0,0.48277754,0,0.31124824396469186,0
2018-08-24,1,0.4948989489565416,0,0.40826672,0,0.3878527639269877,0
2018-08-27,1,0.5465099847096777,1,0.6447903,1,0.5866920463236742,1
2018-08-28,0,0.507757320683206,1,0.54027075,1,0.5183650386717619,1
2018-08-29,1,0.4983407870619659,0,0.37587965,0,0.5463882902950025,1
2018-08-30,0,0.4193583906941214,0,0.36867547,0,0.4073417898132323,0
2018-08-31,0,0.49081600998346686,0,0.461538,0,0.5621223935368539,1
2018-09-04,0,0.5176434672015695,1,0.5452308,1,0.5187088070747359,1
2018-09-05,0,0.42094273643982855,0,0.38887784,0,0.3909450145275513,0
2018-09-06,1,0.4559404652095766,0,0.6370101,1,0.47595598120898003,0
2018-09-07,1,0.5371141628856788,1,0.62389016,1,0.4816395426442933,0
2018-09-10,1,0.49874636911391607,0,0.48644325,0,0.5364579111059784,1
2018-09-11,1,0.5343244790449491,1,0.70306194,1,0.5776866940456542,1
2018-09-12,0,0.5106490313368891,1,0.64799005,1,0.47905542785831484,0
2018-09-13,1,0.5796547533811152,1,0.6943449,1,0.5887976871836079,1
2018-09-14,0,0.5348644303188911,1,0.5172767,1,0.5089683428081011,1
2018-09-17,1,0.4583263447756145,0,0.6228011,1,0.37541037095277935,0
2018-09-18,1,0.6112617422558941,1,0.85857683,1,0.6801890747170942,1
2018-09-19,1,0.5767343814095405,1,0.7221527,1,0.6207330779631374,1
2018-09-20,0,0.4957769193819552,0,0.4651648,0,0.5275072653625923,1
2018-09-21,1,0.6392089671863643,1,0.85481715,1,0.649965153432698,1
2018-09-24,0,0.48106785423688875,0,0.48738006,0,0.4652616285209825,0
2018-09-25,0,0.5248164632217512,1,0.5313986,1,0.5844972002608941,1
2018-09-26,1,0.5601269352746294,1,0.67293435,1,0.5819067432699683,1
2018-09-27,1,0.5192977677688771,1,0.58168674,1,0.5610372286961093,1
2018-09-28,0,0.4842847233513399,0,0.5115672,1,0.5496593966633451,1
2018-10-01,1,0.5002842198150312,1,0.4952704,0,0.5733190312670816,1
2018-10-02,1,0.44922740130832817,0,0.33470717,0,0.46257472309017506,0
2018-10-03,1,0.4924070141689492,0,0.7269746,1,0.5448189807409092,1
2018-10-04,0,0.36130078863345766,0,0.18686461,0,0.16967451050580595,0
2018-10-05,0,0.4994029618324555,0,0.5659715,1,0.4683050915267107,0
2018-10-08,0,0.44859900142549824,0,0.51548004,1,0.41820711066858535,0
2018-10-09,0,0.44153580672462256,0,0.36057988,0,0.4019331414179039,0
2018-10-10,0,0.43495305552261293,0,0.360992,0,0.11695236950834444,0
2018-10-11,1,0.45771848371575696,0,0.628219,1,0.5044462454991369,1
2018-10-12,0,0.5254907378214975,1,0.5440367,1,0.559206490169144,1
2018-10-15,1,0.4652478751599864,0,0.3751013,0,0.31218797352556055,0
2018-10-16,1,0.5070606946046616,1,0.5988208,1,0.30415054094226934,0
2018-10-17,0,0.5112810113753085,1,0.54511446,1,0.28795377557205964,0
2018-10-18,0,0.39915433368192815,0,0.23794429,0,0.2678777840141074,0
2018-10-19,0,0.4987095542984969,0,0.45354152,0,0.4576080933350701,0
2018-10-22,0,0.5383287448682856,1,0.70970106,1,0.4663631149655821,0
2018-10-23,0,0.43065031005039706,0,0.53887796,1,0.31660334701950343,0
2018-10-24,0,0.4138734878327756,0,0.35745847,0,0.2359634326201781,0
2018-10-25,0,0.4600849897805732,0,0.50987846,1,0.6715220677614012,1
2018-10-26,0,0.45440771242160755,0,0.30496824,0,0.34518409287348434,0
2018-10-29,0,0.475853814550532,0,0.39889073,0,0.5116865396789405,1
2018-10-30,1,0.5114579572956163,1,0.5235357,1,0.5733065575584888,1
2018-10-31,0,0.5105066627112547,1,0.6245402,1,0.591947854702357,1
2018-11-01,1,0.48869682159262756,0,0.57472616,1,0.488248624208661,0
2018-11-02,0,0.5673930303029263,1,0.6748389,1,0.6311001306444833,1
2018-11-05,0,0.4902330663769992,0,0.48418936,0,0.6105589196873863,1
2018-11-06,0,0.5482417906109109,1,0.69135255,1,0.6029206310294004,1
2018-11-07,1,0.5332448848959822,1,0.61825794,1,0.6839632193346455,1
2018-11-08,0,0.5404193346724501,1,0.6195457,1,0.43090138254010807,0
2018-11-09,1,0.4560463080802241,0,0.482586,0,0.5084472552706908,1
2018-11-12,0,0.4105497342884766,0,0.33738917,0,0.2967414125086018,0
2018-11-13,0,0.45478198502499795,0,0.49755883,0,0.6512523138412709,1
2018-11-14,0,0.3828297214520115,0,0.33847907,0,0.3522795449976016,0
2018-11-15,1,0.537649939039798,1,0.79513013,1,0.5805349037242022,1
2018-11-16,1,0.4916344837548451,0,0.6598163,1,0.5207092472909762,1
2018-11-19,1,0.472423622307033,0,0.40699238,0,0.4001648588168075,0
2018-11-20,1,0.45849145824668036,0,0.5199611,1,0.4458419194744111,0
2018-11-21,1,0.5059854598673624,1,0.46558216,0,0.5441598666227174,1
2018-11-22,0,0.5498864926187317,1,0.6467146,1,0.454688483774107,0
2018-11-23,1,0.5130687319996724,1,0.52574104,1,0.32724982121376645,0
2018-11-26,1,0.5751083857271283,1,0.77302575,1,0.576621789467969,1
2018-11-27,1,0.4889900305261003,0,0.4366843,0,0.4417863512758023,0
2018-11-28,0,0.5320086170536384,1,0.54753166,1,0.5295560976906897,1
2018-11-29,0,0.49504789980638153,0,0.57606155,1,0.4463097838469487,0
2018-11-30,1,0.5716752901744762,1,0.80094707,1,0.5572437104137737,1
2018-12-03,1,0.6055222003883736,1,0.83529836,1,0.6141960299630962,1
2018-12-04,0,0.47885284585902554,0,0.47404128,0,0.2521583190714381,0
2018-12-05,0,0.4986745389373571,0,0.58004296,1,0.4127425696714671,0
2018-12-06,1,0.5082731474215958,1,0.60433704,1,0.49696871172098417,0
2018-12-07,0,0.5070116877707591,1,0.6537428,1,0.2923371947221852,0
2018-12-10,0,0.5113961392216112,1,0.58369666,1,0.4158675900064943,0
2018-12-11,1,0.4693917050432166,0,0.6973299,1,0.42234951730752296,0
2018-12-12,0,0.598477423407759,1,0.6834948,1,0.5030467207064021,1
2018-12-13,0,0.5582151003940936,1,0.66858155,1,0.4578601420202538,0
2018-12-14,0,0.4312015666477787,0,0.39943042,0,0.3089415438637115,0
2018-12-17,0,0.44658473975938745,0,0.3040072,0,0.45791575541031143,0
2018-12-18,0,0.45092590048766934,0,0.34419727,0,0.4419797423389884,0
2018-12-19,0,0.45288056263203563,0,0.5365288,1,0.42207612068525396,0
2018-12-20,0,0.4000831257273307,0,0.35148814,0,0.2884440466986419,0
2018-12-21,0,0.42883536492924257,0,0.34070683,0,0.4641404404299141,0
2018-12-24,0,0.4126277485580568,0,0.45369107,0,0.3714318345223341,0
2018-12-25,0,0.5170796320946018,1,0.689024,1,0.6023696219988155,1
2018-12-26,1,0.5569094034995097,1,0.73741686,1,0.7346854366163161,1
2018-12-27,0,0.5097118756357388,1,0.51582205,1,0.3321643794821557,0
2018-12-28,0,0.5064274291692521,1,0.6634034,1,0.6376076143113093,1
2019-01-02,0,0.49023372991102443,0,0.6181652,1,0.48526759450240164,0
2019-01-03,1,0.3879773882746716,0,0.41187602,0,0.5323458703249898,1
2019-01-04,1,0.5141687317266919,1,0.6239857,1,0.6847896496182558,1
2019-01-07,0,0.547943928235181,1,0.5739504,1,0.2950309332021084,0
2019-01-08,1,0.5258205727049704,1,0.70721847,1,0.484331560134836,0
2019-01-09,1,0.5888771619901569,1,0.8581445,1,0.6089045581155011,1
2019-01-10,1,0.5011097428221495,1,0.5992554,1,0.5221591378344889,1
2019-01-11,0,0.5391507818361245,1,0.6934716,1,0.5275300013720507,1
2019-01-14,1,0.46146513376720627,0,0.39283368,0,0.4565705970594855,0
2019-01-15,0,0.6166562563345452,1,0.84108394,1,0.6368890532590041,1
2019-01-16,0,0.4633906005044958,0,0.47907302,0,0.2918166612890472,0
2019-01-17,0,0.4778800572140499,0,0.58580375,1,0.41672343512258997,0
2019-01-18,1,0.5455670332985361,1,0.70116687,1,0.40716403595636935,0
2019-01-21,0,0.5277964459423283,1,0.6927316,1,0.331411042967675,0
2019-01-22,1,0.4023006086232696,0,0.42951688,0,0.20529752957272832,0
2019-01-23,0,0.5339838099267699,1,0.66905695,1,0.40749968014731003,0
2019-01-24,0,0.5088827581310398,1,0.57087857,1,0.40710958698992994,0
2019-01-25,1,0.577846189966491,1,0.74078214,1,0.4477855511288878,0
2019-01-28,1,0.453939269597554,0,0.436128,0,0.48084285781385955,0
2019-01-29,0,0.5240364462495511,1,0.6356883,1,0.6155485006920505,1
2019-01-30,0,0.5489049208274901,1,0.7693602,1,0.6920872234416866,1
2019-01-31,0,0.6082155586616719,1,0.8390956,1,0.674881336938983,1
2019-02-01,1,0.514844249008396,1,0.57727534,1,0.5710366394441063,1
2019-02-11,1,0.507385264600736,1,0.535458,1,0.5488205857364923,1
2019-02-12,1,0.5780520835624294,1,0.78055525,1,0.6641319500407776,1
2019-02-13,1,0.5379266497337264,1,0.48877832,0,0.5805326974000203,1
2019-02-14,0,0.46392471950007785,0,0.1345423,0,0.6042659971951365,1
2019-02-15,1,0.4920105882860332,0,0.30903697,0,0.548820431845102,1
2019-02-18,1,0.573057432525084,1,0.5301678,1,0.4881406883471952,0
2019-02-19,1,0.47083236375966464,0,0.3690638,0,0.49152683071008474,0
2019-02-20,1,0.5449218742525221,1,0.4260629,0,0.4874526812277627,0
2019-02-21,1,0.5099758580745333,1,0.2701352,0,0.3447404629711991,0
2019-02-22,1,0.564119643597272,1,0.5845989,1,0.40430352138768205,0
2019-02-25,0,0.5172147624122563,1,0.49107385,0,0.3823710240878261,0
2019-02-26,1,0.4935763635707401,0,0.42035282,0,0.48358143842420176,0
2019-02-27,0,0.5253968444113616,1,0.5271579,1,0.44290640430979666,0
2019-02-28,1,0.46975475241777304,0,0.43330356,0,0.5163675960510289,1
2019-03-01,1,0.5279527183179845,1,0.65252465,1,0.353938857233065,0
2019-03-04,0,0.49789609026064985,0,0.5123976,1,0.3635531532056041,0
2019-03-05,1,0.5190421839819701,1,0.5839958,1,0.36923814388950854,0
2019-03-06,0,0.4424947192729109,0,0.43753552,0,0.3604286516954308,0
2019-03-07,0,0.4736400650295582,0,0.5586428,1,0.42014875946391483,0
2019-03-08,0,0.48449763335973034,0,0.5403266,1,0.35631256560659863,0
2019-03-11,1,0.5210163368119853,1,0.6175949,1,0.5155096808698743,1
2019-03-12,1,0.5965260287741893,1,0.7462627,1,0.4827416416417522,0
2019-03-13,1,0.5041322777627818,1,0.6872141,1,0.4696595371536909,0
2019-03-14,0,0.5314550878799055,1,0.69207835,1,0.4873728460503702,0
2019-03-15,1,0.5793123808354362,1,0.7550757,1,0.6238191793446242,1
2019-03-18,0,0.5903361155804363,1,0.70750916,1,0.4781917897616193,0
2019-03-19,0,0.5376913994431324,1,0.62099355,1,0.44260437571029615,0
2019-03-20,0,0.5389766136734323,1,0.64094365,1,0.43359154584445186,0
2019-03-21,1,0.5144833378273489,1,0.68631977,1,0.5066051755391779,1
2019-03-22,0,0.4524359141381608,0,0.5292563,1,0.3402485174975745,0
2019-03-25,0,0.43882880365019444,0,0.48069695,0,0.6333528645548058,1
2019-03-26,1,0.49734718722479726,0,0.6158603,1,0.5962122356792171,1
2019-03-27,1,0.43802974841986125,0,0.28757116,0,0.40565253526180695,0
2019-03-28,0,0.5007744146503182,1,0.54454255,1,0.4903396779891381,0
2019-03-29,1,0.517900637842599,1,0.42235547,0,0.6454812298907129,1
2019-04-01,0,0.5761892015707445,1,0.55570817,1,0.5650486280771766,1
2019-04-02,0,0.514967895733792,1,0.58201283,1,0.5431957712508415,1
2019-04-03,1,0.496909837223084,0,0.35574815,0,0.4566128107284738,0
2019-04-04,1,0.48000224141686637,0,0.46717873,0,0.4436100492516287,0
2019-04-05,1,0.45362489674451906,0,0.366099,0,0.5834246073133673,1
2019-04-08,0,0.5043498535655564,1,0.62653977,1,0.574695151378132,1
2019-04-09,0,0.5040614753788868,1,0.61522824,1,0.5759127947697045,1
2019-04-10,1,0.4585902097862487,0,0.34587508,0,0.591366432656469,1
2019-04-11,0,0.48720742294097175,0,0.46201274,0,0.47544191975163397,0
2019-04-12,0,0.4965931325374429,0,0.6064353,1,0.5577618781358237,1
2019-04-16,0,0.5135688383609699,1,0.5706825,1,0.4828788073179699,0
2019-04-17,0,0.5018248134591466,1,0.5723022,1,0.3387006585061201,0
2019-04-18,1,0.4237527040442374,0,0.40154818,0,0.4079756433467476,0
2019-04-19,0,0.43618587882886733,0,0.47936058,0,0.3453447938991029,0
2019-04-22,1,0.39421543127714487,0,0.3108135,0,0.39690452474128846,0
2019-04-23,1,0.44682877599404386,0,0.44800323,0,0.3761857700281556,0
2019-04-24,0,0.49155001985122626,0,0.6998464,1,0.3315890661222723,0
2019-04-25,1,0.4637906003766085,0,0.44224083,0,0.5161472567985097,1
2019-04-26,0,0.5025224324132578,1,0.58803284,1,0.5024605131106055,1
2019-05-02,0,0.4748886794513236,0,0.5176944,1,0.3625872837916239,0
2019-05-03,0,0.47485449580668737,0,0.47204176,0,0.5217405708776603,1
2019-05-06,0,0.47123555952570406,0,0.6754815,1,0.2868591209901186,0
2019-05-07,0,0.3688056664114112,0,0.22350803,0,0.2204064264472263,0
2019-05-08,0,0.4083108756592531,0,0.32145804,0,0.38786315505369434,0
2019-05-09,1,0.4356134562279458,0,0.3672635,0,0.31449645259482484,0
2019-05-10,1,0.47671902464223487,0,0.50582314,1,0.5648616983187892,1
2019-05-13,1,0.47235664490109336,0,0.5513209,1,0.2683157145320933,0
2019-05-14,1,0.5072743323926077,1,0.72605073,1,0.692402031111364,1
2019-05-15,0,0.6067669603218248,1,0.8797523,1,0.4933382878192553,0
2019-05-16,0,0.5302302007959759,1,0.698554,1,0.48252802500743647,0
2019-05-17,1,0.4950059796423213,0,0.63152134,1,0.3436476163932151,0
2019-05-20,0,0.45776424134147353,0,0.44410393,0,0.3999044049355914,0
2019-05-21,0,0.46902031322979365,0,0.34674567,0,0.549266850135452,1
2019-05-22,0,0.5339930126157701,1,0.6502729,1,0.43675882495391805,0
2019-05-23,0,0.4145871829233471,0,0.29127595,0,0.3040932624739146,0
2019-05-24,1,0.4892075290155869,0,0.5740243,1,0.6206826527355693,1
2019-05-27,0,0.47971137912638095,0,0.5252871,1,0.4100370490458454,0
2019-05-28,0,0.43043049320401433,0,0.36925668,0,0.4313619072028033,0
2019-05-29,0,0.3999753846181804,0,0.2831505,0,0.35901742107510237,0
2019-05-30,0,0.447362042690845,0,0.3506239,0,0.5364705626033224,1
2019-05-31,0,0.43100767071720936,0,0.51475674,1,0.4767955804169545,0
2019-06-03,1,0.46217808341329686,0,0.44790646,0,0.492358711410399,0
2019-06-04,0,0.4514615141641441,0,0.3862547,0,0.5133729142827297,1
2019-06-05,0,0.4816445975159895,0,0.43020198,0,0.4723621626617547,0
2019-06-06,1,0.4786501469960397,0,0.5971571,1,0.5835284782878506,1
2019-06-07,1,0.5374133634586372,1,0.59041977,1,0.5687488356928218,1
2019-06-10,0,0.5976087037489897,1,0.70720637,1,0.6056091467763137,1
2019-06-11,0,0.4828251429262931,0,0.54833627,1,0.43514813233700095,0
2019-06-12,0,0.4552109688424059,0,0.55910784,1,0.5019543089424663,1
2019-06-13,1,0.4274425794533438,0,0.33719623,0,0.5032739301334586,1
2019-06-14,0,0.4668241624804005,0,0.4286675,0,0.49909165421800217,0
2019-06-17,0,0.4584123028819446,0,0.5968762,1,0.5937634224183923,1
2019-06-18,1,0.46168476071261416,0,0.54078543,1,0.48182784556432073,0
2019-06-19,1,0.6052759186192188,1,0.7961288,1,0.5675499906184592,1
2019-06-20,0,0.5597390295597088,1,0.712999,1,0.5583361762643713,1
2019-06-21,1,0.5638701346058624,1,0.7797764,1,0.6597090906856389,1
2019-06-24,0,0.5336972617436271,1,0.68416137,1,0.5764844015186797,1
2019-06-25,0,0.46669632735208894,0,0.46002424,0,0.6270025249633548,1
2019-06-26,0,0.4580929376510036,0,0.3408866,0,0.5814009156499933,1
2019-06-27,1,0.4879316060458952,0,0.5029171,1,0.5939471945137395,1
2019-06-28,1,0.4814356584949642,0,0.54900604,1,0.5346681486921216,1
2019-07-01,0,0.5320490572668362,1,0.5315098,1,0.7470350273331692,1
2019-07-02,0,0.5420088937182667,1,0.6490661,1,0.7147128962498152,1
2019-07-03,1,0.5224717369864958,1,0.4704742,0,0.7091561363050921,1
2019-07-04,1,0.5663774518120007,1,0.70354104,1,0.6437754262670485,1
2019-07-05,0,0.482574616131026,0,0.55508363,1,0.5930509339541639,1
2019-07-08,1,0.4738262372053569,0,0.5662806,1,0.5159486305112936,1
2019-07-09,1,0.4678196632080615,0,0.5210525,1,0.5745314303270317,1
2019-07-10,1,0.5071316196902699,1,0.32502726,0,0.6105067874032468,1
2019-07-11,0,0.5119843476092457,1,0.50814193,1,0.5242724773653173,1
2019-07-12,0,0.5473999466609754,1,0.6674063,1,0.6748569991515593,1
2019-07-15,1,0.5379352506141435,1,0.6185757,1,0.6106377617755165,1
2019-07-16,0,0.48702219904776406,0,0.49992728,0,0.4621733125573039,0
2019-07-17,0,0.4916942403646587,0,0.4549845,0,0.5213225098563627,1
2019-07-18,1,0.46179407644390014,0,0.46447906,0,0.44096281316335484,0
2019-07-19,0,0.5565983308810764,1,0.5223456,1,0.49635796931580317,0
2019-07-22,1,0.4663130060995611,0,0.5301316,1,0.4866997042910103,0
2019-07-23,0,0.5546224176100019,1,0.66499746,1,0.5347854625740296,1
2019-07-24,1,0.5427672931951347,1,0.6944792,1,0.5112780157970892,1
2019-07-25,0,0.48168415778120277,0,0.5383037,1,0.3588151880544327,0
2019-07-26,1,0.45307162164939324,0,0.42722887,0,0.4650354981761776,0
2019-07-29,0,0.4603722158688766,0,0.511372,1,0.40856135507154867,0
2019-07-30,1,0.4755220261457447,0,0.67954993,1,0.4655240310020408,0
2019-07-31,1,0.4268619556797522,0,0.31112075,0,0.22414522820510738,0
2019-08-01,0,0.4364304416994501,0,0.32099795,0,0.28618637130574764,0
2019-08-02,0,0.43959178301798685,0,0.35128886,0,0.32796870406201944,0
2019-08-05,0,0.4183223588340206,0,0.40815377,0,0.23843939960365854,0
2019-08-06,1,0.49711884177797827,0,0.6702998,1,0.6030341533456043,1
2019-08-07,1,0.45255807863178527,0,0.54200256,1,0.404866558415673,0
2019-08-08,0,0.5175530687414718,1,0.54739267,1,0.6659360782835947,1
2019-08-09,0,0.44193849829726817,0,0.40087852,0,0.35408130346271377,0
2019-08-12,0,0.4395014392863751,0,0.40881255,0,0.3154575700934533,0
2019-08-13,1,0.4676599466945881,0,0.66417956,1,0.6468616050952402,1
2019-08-14,1,0.4264062029537107,0,0.4353548,0,0.14145458112408058,0
2019-08-15,0,0.501941563195632,1,0.5968225,1,0.4544293815991654,0
2019-08-16,1,0.5300457261466169,1,0.5865648,1,0.593175404638726,1
2019-08-19,1,0.5493726019732369,1,0.59248805,1,0.409957775108003,0
2019-08-20,1,0.49152888740284606,0,0.5069728,1,0.34685567045318666,0
2019-08-21,1,0.54170778218279,1,0.6224718,1,0.47607505716868426,0
2019-08-22,0,0.45270646887904187,0,0.39436188,0,0.37361313417283837,0
2019-08-23,0,0.45188492619512277,0,0.43100893,0,0.2916816460444577,0
2019-08-26,0,0.4910218652730626,0,0.5751725,1,0.620667878272494,1
2019-08-27,0,0.5242582802426702,1,0.5489385,1,0.4817546629062913,0
2019-08-28,1,0.4517822081874027,0,0.4067649,0,0.4351690056908255,0
2019-08-29,1,0.43156888897535234,0,0.4556299,0,0.43775983161331583,0
2019-08-30,0,0.4546239572767011,0,0.39359957,0,0.3411883847464813,0
2019-09-03,0,0.4268213593708082,0,0.4464654,0,0.43650870919606877,0
2019-09-04,0,0.5689975974629564,1,0.6349625,1,0.5595812226223399,1
2019-09-05,0,0.5295015658960021,1,0.6911868,1,0.34054156645482164,0
2019-09-06,0,0.5230314614410585,1,0.6363743,1,0.29248669961929097,0
2019-09-09,0,0.4755397826154597,0,0.48437026,0,0.38859184279593373,0
2019-09-10,0,0.497179843023022,0,0.732905,1,0.4601891324020358,0
2019-09-11,1,0.5115453305982272,1,0.61841,1,0.4612554348277344,0
2019-09-12,1,0.5129912681243006,1,0.5450812,1,0.4865773308657236,0
2019-09-13,1,0.5947067287011465,1,0.742396,1,0.6353127000716099,1
2019-09-16,1,0.47990006601337193,0,0.5785523,1,0.460125049366233,0
2019-09-17,0,0.48137093870491443,0,0.55441517,1,0.5532886152648082,1
2019-09-18,1,0.4753345248723597,0,0.37237993,0,0.5370273841327821,1
2019-09-19,0,0.46779643243862645,0,0.52116776,1,0.5287591824209356,1
2019-09-20,0,0.5229942535792873,1,0.6781835,1,0.42590445714548875,0
2019-09-23,1,0.5026165118042324,1,0.5743465,1,0.6120329437969632,1
2019-09-24,0,0.40969314292370723,0,0.2692089,0,0.40696059847386995,0
2019-09-25,1,0.48743463855072044,0,0.5246885,1,0.5811329904454409,1
2019-09-26,1,0.43041280181979136,0,0.2306012,0,0.4004573881214196,0
2019-09-27,0,0.38314456117623935,0,0.27524927,0,0.4376050356934359,0
2019-09-30,1,0.48699204155824827,0,0.5873734,1,0.5428011482859305,1
2019-10-01,0,0.3790511866407108,0,0.1671652,0,0.21498728043859366,0
2019-10-02,1,0.3639187252048297,0,0.12950331,0,0.36575896935980134,0
2019-10-03,0,0.44911720631089885,0,0.36791134,0,0.4286501719684113,0
2019-10-04,0,0.46637234062491045,0,0.42204607,0,0.6267722214688206,1
2019-10-07,1,0.40072837165656944,0,0.3106645,0,0.4385363299545526,0
2019-10-08,0,0.3831193480900368,0,0.20153548,0,0.3210376296044708,0
2019-10-09,0,0.4455775421993323,0,0.37098804,0,0.4757638272892005,0
2019-10-10,1,0.5285250962247598,1,0.62255937,1,0.6015438939395307,1
2019-10-11,1,0.5294646237841301,1,0.47900832,0,0.6082633147917499,1
2019-10-14,0,0.5416548293490451,1,0.56872267,1,0.5999931043558969,1
2019-10-15,1,0.5567068759636298,1,0.80178374,1,0.7254163794239727,1
2019-10-16,0,0.4858618402237068,0,0.3392787,0,0.4100360063825873,0
2019-10-17,0,0.5037102425634024,1,0.57461303,1,0.5127484522104306,1
2019-10-18,0,0.4663378044840415,0,0.3428691,0,0.46877797194519905,0
2019-10-21,1,0.5053388486408165,1,0.509183,1,0.5168178647321275,1
2019-10-22,0,0.538846815916835,1,0.71297413,1,0.4497581124180618,0
2019-10-23,1,0.47407708412508387,0,0.5232993,1,0.5126793077601995,1
2019-10-24,1,0.49767133403434194,0,0.4289363,0,0.4707374397715963,0
2019-10-25,0,0.5167602040836013,1,0.7299156,1,0.5733128642026547,1
2019-10-28,0,0.47774057732369746,0,0.40792298,0,0.43591211326993845,0
2019-10-29,1,0.5116579000264113,1,0.5243824,1,0.49456690157458283,0
2019-10-30,0,0.5448304872099742,1,0.73101234,1,0.5611028335861609,1
2019-10-31,1,0.45410491390536084,0,0.42906013,0,0.542740636776298,1
2019-11-01,1,0.6296620157283187,1,0.837082,1,0.6699179614789685,1
2019-11-04,1,0.5554061964276594,1,0.695825,1,0.49970998751154505,0
2019-11-05,0,0.4649639550545382,0,0.28559688,0,0.5137359465482297,1
2019-11-06,0,0.5193046244189431,1,0.3737315,0,0.46377907026812043,0
2019-11-07,0,0.49111273187607735,0,0.3349542,0,0.5442541944972622,1
2019-11-08,0,0.5083781013257401,1,0.45668697,0,0.4529087842245623,0
2019-11-11,1,0.4315604678547014,0,0.3933772,0,0.44847849313342464,0
2019-11-12,0,0.5178241584510532,1,0.58380353,1,0.5069094857115988,1
2019-11-13,0,0.4736965939506363,0,0.4749349,0,0.49623156836129134,0
2019-11-14,0,0.4839962089237478,0,0.5279453,1,0.5455122021948554,1
2019-11-15,0,0.5727357971791145,1,0.82924676,1,0.7242566976583448,1
2019-11-18,1,0.5060117721743005,1,0.62471175,1,0.5620679289928983,1
2019-11-19,0,0.5087668848024255,1,0.538991,1,0.549608239073143,1
2019-11-20,0,0.47162002048420426,0,0.4158041,0,0.6417898388588309,1
2019-11-21,0,0.47306938787694547,0,0.5278291,1,0.6109999363533155,1
2019-11-22,0,0.5691997956309395,1,0.63655007,1,0.790217650321258,1
2019-11-25,0,0.535961622708892,1,0.6446442,1,0.672080885091981,1
2019-11-26,1,0.5177142282474009,1,0.51103324,1,0.5976295075267768,1
2019-11-27,0,0.4783349121502884,0,0.3568918,0,0.5996568426925903,1
2019-11-28,0,0.4651004139995869,0,0.43857878,0,0.6842243742271988,1
2019-11-29,0,0.39800255714208055,0,0.33540228,0,0.46813253981254704,0
2019-12-02,0,0.44771980206670825,0,0.4487727,0,0.5001497262993745,1
2019-12-03,1,0.3784880727897335,0,0.26875463,0,0.3852292249975837,0
2019-12-04,0,0.52707044217056,1,0.73507935,1,0.6339373265985436,1
2019-12-05,0,0.513972042436126,1,0.5746831,1,0.5647308050576898,1
2019-12-06,1,0.5321175063420842,1,0.61268836,1,0.6553446967736247,1
2019-12-09,0,0.40995421919633523,0,0.3032471,0,0.3490493636536634,0
2019-12-10,1,0.450035839812231,0,0.341523,0,0.6399993310952573,1
2019-12-11,1,0.5185129551382744,1,0.6008016,1,0.5382146039008069,1
2019-12-12,0,0.5265718900252867,1,0.52467775,1,0.5905331648244107,1
2019-12-13,0,0.5310091168966187,1,0.69291335,1,0.7378988778641511,1
2019-12-16,0,0.5706113407248415,1,0.749151,1,0.6884808617335585,1
2019-12-17,0,0.6237235840237015,1,0.85240215,1,0.7010675777685453,1
2019-12-18,1,0.4736978475521989,0,0.4966156,0,0.5803012956395834,1
2019-12-19,1,0.4488524306065158,0,0.35628384,0,0.547849793876031,1
2019-12-20,1,0.4440982082626369,0,0.31108195,0,0.5026952739546222,1
2019-12-23,0,0.4305199524462016,0,0.28142422,0,0.5896016065883751,1
2019-12-24,1,0.44366169535143984,0,0.3524554,0,0.6363042893984702,1
2019-12-25,0,0.4638997115339051,0,0.30081764,0,0.6408890311337079,1
2019-12-26,1,0.47206908092909905,0,0.45921454,0,0.5875599788444504,1
2019-12-27,1,0.47415398712345486,0,0.543527,1,0.43383071187380967,0
2019-12-30,0,0.38392435347061926,0,0.2197188,0,0.3676784208809591,0
2019-12-31,1,0.5144552407451793,1,0.57254237,1,0.5795874967413659,1
2020-01-02,0,0.5590260887413433,1,0.65352297,1,0.562846584592085,1
2020-01-03,0,0.4213184602995731,0,0.47989538,0,0.418722704864904,0
2020-01-06,1,0.46359418384449186,0,0.41906798,0,0.5496804825351266,1
2020-01-07,0,0.5393229756157283,1,0.5276661,1,0.5365034780985385,1
2020-01-08,1,0.5174877952402855,1,0.5094393,1,0.5624342559245388,1
2020-01-09,1,0.5346152908149606,1,0.46971563,0,0.5553142144594594,1
2020-01-10,0,0.49183095251765657,0,0.411592,0,0.6278644849013334,1
2020-01-13,1,0.5048157959608132,1,0.5767936,1,0.5946054302295349,1
2020-01-14,0,0.5344528069903615,1,0.59565395,1,0.6022755991176125,1
2020-01-15,1,0.4652829809956321,0,0.3075839,0,0.6607567667753971,1
2020-01-16,1,0.5038324809195555,1,0.29014105,0,0.6310216223374031,1
2020-01-17,0,0.5258863307697276,1,0.40959135,0,0.7129115838479182,1
2020-01-20,1,0.46664004365708467,0,0.38410074,0,0.6865266774611335,1
2020-01-21,1,0.4402311141915721,0,0.5245399,1,0.6395361828055882,1
2020-01-22,0,0.48541702990968805,0,0.43160573,0,0.6072098315115078,1
2020-01-30,0,0.48147470297133804,0,0.7993392,1,0.6565700160642656,1
2020-01-31,0,0.5427477476958761,1,0.68901336,1,0.683007256230612,1
2020-02-03,1,0.5504498589748695,1,0.7685458,1,0.7180414523213408,1
2020-02-04,0,0.48709610473697873,0,0.33318904,0,0.5342584529199261,1
2020-02-05,1,0.4674254327416348,0,0.23459361,0,0.3002717412598526,0
2020-02-06,1,0.49501972722658166,0,0.45513335,0,0.5223078134528294,1
2020-02-07,0,0.47166091742443267,0,0.30703053,0,0.5079187649032175,1
2020-02-10,1,0.469640147271749,0,0.3787149,0,0.46850699980308275,0
2020-02-11,1,0.5105445372994901,1,0.5775767,1,0.4543372378535636,0
2020-02-12,0,0.489784699665706,0,0.3479347,0,0.49689648041171586,0
2020-02-13,0,0.44039421045198973,0,0.35296872,0,0.36735990191815143,0
2020-02-14,0,0.5013907532635217,1,0.3871941,0,0.5663998413798326,1
2020-02-17,0,0.4626382201338836,0,0.33835113,0,0.5401182607320089,1
2020-02-18,0,0.39082569430735514,0,0.27472916,0,0.4732856483768715,0
2020-02-19,1,0.5462416069559813,1,0.6203947,1,0.5336515374303388,1
2020-02-20,0,0.39461664617633774,0,0.28122234,0,0.3444738861360122,0
2020-02-21,0,0.38887161236830886,0,0.2611587,0,0.4744900392057921,0
2020-02-24,1,0.46346644254782193,0,0.5989893,1,0.22784916426316137,0
2020-02-25,0,0.38474207459223386,0,0.19108446,0,0.30913699831428115,0
2020-02-26,1,0.4268498321932616,0,0.23817483,0,0.27414518320491,0
2020-02-27,0,0.3869891229447549,0,0.2532069,0,0.016289250503699778,0
2020-02-28,1,0.3990922833606589,0,0.28672144,0,0.2202825005674501,0
2020-03-02,1,0.48713531201318516,0,0.35674477,0,0.09238904676289829,0
2020-03-03,0,0.4084187256721674,0,0.30150837,0,0.07726705662851982,0
2020-03-04,1,0.49886166450788816,0,0.5702417,1,0.3739021098516428,0
2020-03-05,0,0.45077504936608753,0,0.33517042,0,0.04800220327759787,0
2020-03-06,0,0.39129239887088907,0,0.23134197,0,0.1460367889774105,0
2020-03-09,1,0.49149207877694684,0,0.6058919,1,0.056755861844729215,0
2020-03-10,0,0.5066736222670317,1,0.3955587,0,0.1321901640552012,0
2020-03-11,0,0.45064304597774396,0,0.38125607,0,0.03065056377055225,0
2020-03-12,0,0.44356369405585694,0,0.33875144,0,0.0004475973416015435,0
2020-03-13,0,0.44538372846336804,0,0.4841388,0,0.013745224793256572,0
2020-03-16,0,0.38284628416186856,0,0.2457552,0,5.192717283648532e-05,0
2020-03-17,1,0.4648375787225576,0,0.3602675,0,0.002200513627401295,0
2020-03-18,0,0.40610055706522663,0,0.31864557,0,0.0013774142029852894,0
2020-03-19,0,0.5677441732326288,1,0.79347414,1,0.007621618806782225,0
2020-03-20,0,0.49132912012378954,0,0.6707553,1,0.004983292633633584,0
2020-03-23,0,0.42418630612798613,0,0.32039303,0,0.24307167937640534,0
2020-03-24,1,0.391063169137937,0,0.1743146,0,0.09558902929006126,0
2020-03-25,1,0.36323751567896573,0,0.18968195,0,0.010835056360032841,0
2020-03-26,1,0.503700756274004,1,0.5846704,1,0.1676812105631871,0
2020-03-27,0,0.407701885090446,0,0.39848098,0,0.14541847392154625,0
2020-03-30,0,0.5235340043116085,1,0.7458051,1,0.6616050188661122,1
2020-03-31,1,0.4767276008920414,0,0.57853186,1,0.08074346704403282,0
2020-04-01,1,0.3743391377612831,0,0.2659065,0,0.02159561214910515,0
2020-04-03,1,0.5547654246575784,1,0.682242,1,0.2727761917746077,0
2020-04-06,1,0.610070260214453,1,0.82047296,1,0.49213782318352484,0
2020-04-07,1,0.5506180062166206,1,0.6740718,1,0.3024562423216162,0
2020-04-08,1,0.5036221086318645,1,0.581986,1,0.6075605322343146,1
2020-04-09,0,0.5161426030516835,1,0.60080075,1,0.25365922707389943,0
2020-04-10,1,0.5812834349150469,1,0.7658549,1,0.5717806021359217,1
2020-04-13,1,0.5122486663016574,1,0.56738263,1,0.4294023429945851,0
2020-04-14,1,0.5294089290287943,1,0.49081984,0,0.5580613587773645,1
2020-04-15,1,0.4298000879692092,0,0.39175928,0,0.29533347200202653,0
2020-04-16,1,0.4571746509394328,0,0.25703627,0,0.13992203286358545,0
2020-04-17,1,0.5142748520032773,1,0.274846,0,0.20667551511921445,0
2020-04-20,0,0.4832618384656965,0,0.29582256,0,0.15086703951605207,0
2020-04-21,1,0.4985664200672696,0,0.50359875,1,0.24578081959487513,0
2020-04-22,1,0.4789670988249253,0,0.2588349,0,0.11895889619718843,0
2020-04-23,1,0.4849666218382397,0,0.26560602,0,0.1688744595870336,0
2020-04-24,0,0.4887859723537025,0,0.36335152,0,0.22084433110201399,0
2020-04-27,0,0.5118887328873247,1,0.34471253,0,0.45399632495637476,0
2020-04-28,1,0.482104808145622,0,0.43636075,0,0.3525940528269048,0
2020-04-29,0,0.4913087327885543,0,0.30403498,0,0.3301662010701614,0
2020-05-04,1,0.35377087732708257,0,0.21185513,0,0.15660563995879345,0
2020-05-05,1,0.5215282901832854,1,0.6871649,1,0.286381250287756,0
2020-05-06,1,0.4695375785911451,0,0.38970593,0,0.26610323159707533,0
2020-05-07,1,0.5698810678349111,1,0.5794217,1,0.38144322249104007,0
2020-05-08,1,0.662173699274852,1,0.8444199,1,0.7322106735093139,1
2020-05-11,1,0.6178672252967065,1,0.7381961,1,0.5862754128284221,1
2020-05-12,0,0.524632520886516,1,0.3967506,0,0.33331410385976323,0
2020-05-13,0,0.5477809019985711,1,0.5165767,1,0.4528149137629683,0
2020-05-14,0,0.48424817779740476,0,0.5135847,1,0.42800710299083317,0
2020-05-15,1,0.5436196559641632,1,0.72454774,1,0.551456424200172,1
2020-05-18,1,0.5436001049888717,1,0.55447483,1,0.49214940977544247,0
2020-05-19,1,0.5063227012761601,1,0.4052798,0,0.5443713041451236,1
2020-05-20,1,0.5506413581104644,1,0.6761108,1,0.5695728071700963,1
2020-05-21,0,0.5058934476254141,1,0.39211562,0,0.4465946110224628,0
2020-05-22,1,0.532747223076941,1,0.62143207,1,0.45677299010606226,0
2020-05-25,1,0.49833462730116634,0,0.49077287,0,0.3321729348445266,0
2020-05-26,0,0.5152318225237064,1,0.21523635,0,0.41526842502285416,0
2020-05-27,1,0.617531646813174,1,0.7258116,1,0.703619436220658,1
2020-05-28,1,0.5010014543664408,1,0.45646158,0,0.4347196982978535,0
2020-05-29,1,0.5431419154555944,1,0.51363117,1,0.44917554617514804,0
2020-06-01,0,0.5978859988513033,1,0.77528673,1,0.4264060652687948,0
2020-06-02,1,0.6568936510686599,1,0.81606257,1,0.6518770329227286,1
2020-06-03,1,0.5358121701745467,1,0.603393,1,0.5316629761146349,1
2020-06-04,1,0.54655353974581,1,0.4963542,0,0.5466366904860709,1
2020-06-05,1,0.5669742919365697,1,0.6092014,1,0.5260141184129683,1
2020-06-08,0,0.5772071265947398,1,0.627768,1,0.494700071469468,0
2020-06-09,0,0.5547248787314891,1,0.49383378,0,0.5225008674279404,1
2020-06-10,0,0.5193232633575128,1,0.3791647,0,0.4750086428816127,0
2020-06-11,0,0.521074600048382,1,0.5113807,1,0.19152417529890514,0
2020-06-12,0,0.47848698939214984,0,0.36194968,0,0.26274869525156413,0
2020-06-15,1,0.4299142211905703,0,0.35201365,0,0.4080930367483923,0
2020-06-16,0,0.4843691124919278,0,0.34685484,0,0.2111201623215633,0
2020-06-17,0,0.457299002441631,0,0.34405378,0,0.4133292399372801,0
2020-06-18,1,0.4638071991947848,0,0.37306365,0,0.3038415151618182,0
2020-06-19,1,0.4668599332857256,0,0.3123656,0,0.30658911322253846,0
2020-06-22,0,0.4782272797381186,0,0.29294947,0,0.36257959263164413,0
2020-06-23,0,0.5543928002183621,1,0.8063129,1,0.49952135460459174,0
2020-06-24,0,0.4469952874574608,0,0.3091595,0,0.3370057818662255,0
2020-06-25,0,0.46493467677322436,0,0.5476482,1,0.5501821615926011,1
2020-06-26,0,0.3983664998508626,0,0.4229734,0,0.2576004314667392,0
2020-06-29,0,0.4590588948228227,0,0.43229392,0,0.6585327018995079,1
2020-06-30,1,0.4239615508543703,0,0.20866723,0,0.41168213496901124,0
2020-07-01,0,0.4339739357444208,0,0.5146065,1,0.2645430979561798,0
2020-07-02,1,0.48513871156836785,0,0.34813192,0,0.4107161173248476,0
2020-07-03,1,0.4640924501453473,0,0.33262867,0,0.41059179681552577,0
2020-07-06,1,0.52164733518209,1,0.4828129,0,0.5162138506170109,1
2020-07-07,1,0.505998653444035,1,0.41833925,0,0.37074224914623943,0
2020-07-08,1,0.5344727680049863,1,0.7087586,1,0.46357521092458687,0
2020-07-09,0,0.5668368416734887,1,0.6037495,1,0.4290708429737378,0
2020-07-10,0,0.4978990756359761,0,0.49936768,0,0.5794579992793636,1
2020-07-13,0,0.456833836262254,0,0.42047527,0,0.3410659574704481,0
2020-07-14,1,0.533190350418544,1,0.6536644,1,0.524279861075946,1
2020-07-15,1,0.5051851585933111,1,0.6044803,1,0.5487417070365543,1
2020-07-16,0,0.4197085442506985,0,0.296006,0,0.30161018579688703,0
2020-07-17,0,0.5090919367407519,1,0.5279486,1,0.46193639196396785,0
2020-07-20,0,0.5282357967717439,1,0.4102452,0,0.499806748066168,0
2020-07-21,0,0.4630353047131713,0,0.35330197,0,0.2541123430606489,0
2020-07-22,1,0.4704410847031514,0,0.5061082,1,0.382558241278324,0
2020-07-23,0,0.3990320450013936,0,0.39130396,0,0.2682039229604205,0
2020-07-24,0,0.5801480208130423,1,0.8977342,1,0.7890336123293689,1
2020-07-27,1,0.5913447471933306,1,0.8171245,1,0.7435463769378996,1
2020-07-28,0,0.4077961273030209,0,0.14666831,0,0.11466800066204687,0
2020-07-29,1,0.5501884168352085,1,0.5872053,1,0.7122264549769275,1
2020-07-30,0,0.4255978907047862,0,0.33384123,0,0.18461281223734097,0
2020-07-31,1,0.48134054381643265,0,0.38549852,0,0.4456289837815533,0
2020-08-03,1,0.45537666877013494,0,0.22275358,0,0.30962166812330505,0
2020-08-04,1,0.5489978334554046,1,0.50389254,1,0.3467279051253784,0
2020-08-05,1,0.5278060540995896,1,0.43973297,0,0.36861775073018394,0
2020-08-06,1,0.5127354753220256,1,0.54420847,1,0.5461131216908348,1
2020-08-07,1,0.4872956538428195,0,0.51208997,1,0.3090936991310387,0
2020-08-10,0,0.42961632910437514,0,0.27530473,0,0.355556646371933,0
2020-08-11,1,0.4349581158988956,0,0.31024802,0,0.27416167158951554,0
2020-08-12,1,0.4515251183117798,0,0.24767092,0,0.35490656939814186,0
2020-08-13,0,0.40370682188825685,0,0.13449946,0,0.2616602235029529,0
2020-08-14,0,0.4739642990568788,0,0.284112,0,0.4888969464245797,0
2020-08-17,0,0.47342272591556184,0,0.24622199,0,0.37599839549126274,0
2020-08-18,1,0.4710862781113706,0,0.3843939,0,0.3969604603597116,0
2020-08-19,0,0.41995421261212884,0,0.2329604,0,0.24510793333616895,0
2020-08-20,1,0.3912323213402352,0,0.18454954,0,0.33106306762701354,0
2020-08-21,1,0.5028856012527108,1,0.37252358,0,0.3183934787486888,0
2020-08-24,1,0.5469845731964659,1,0.37737125,0,0.3995003315266659,0
2020-08-25,0,0.6200353083897068,1,0.70978457,1,0.5420113456025977,1
2020-08-26,1,0.46527980491084214,0,0.23787805,0,0.44540031452767104,0
2020-08-27,1,0.4719853075432889,0,0.3787619,0,0.4029037615245102,0
2020-08-28,1,0.5227890629523354,1,0.34472132,0,0.503403043209311,1
2020-08-31,1,0.454003182387453,0,0.284607,0,0.4051049894129371,0
2020-09-01,1,0.5318395652874276,1,0.33437735,0,0.37450387233634785,0
2020-09-03,0,0.4916824940497142,0,0.19882041,0,0.20564146837110103,0
2020-09-04,0,0.5401209148229887,1,0.40364513,0,0.4940674517504592,0
2020-09-07,1,0.5257586568303059,1,0.38350165,0,0.5177945802487811,1
2020-09-08,0,0.4792294836903931,0,0.37915757,0,0.29790692822952136,0
2020-09-09,0,0.48693149683341364,0,0.42091462,0,0.37472597581173667,0
2020-09-10,0,0.46546688084354815,0,0.58722085,1,0.35842857018411045,0
2020-09-11,1,0.5233350445522572,1,0.5904528,1,0.48352354652675683,0
2020-09-14,1,0.5276314360619309,1,0.59319675,1,0.44975023535912445,0
2020-09-15,1,0.530802319103508,1,0.4829875,0,0.45234205751074025,0
2020-09-16,0,0.46007892220246227,0,0.29122806,0,0.29277915701172885,0
2020-09-17,1,0.4898453829427847,0,0.39425302,0,0.40908627682759935,0
2020-09-18,1,0.5003126843416377,1,0.4431538,0,0.31675747597989506,0
2020-09-21,0,0.42549594483635955,0,0.23089512,0,0.26550994296731245,0
2020-09-22,1,0.4740005999222617,0,0.45449412,0,0.30899619757815633,0
2020-09-23,0,0.3724780673164097,0,0.18550068,0,0.3335562161536077,0
2020-09-24,0,0.402018140817643,0,0.1955258,0,0.292272859863235,0
2020-09-25,1,0.5031326002136908,1,0.5805555,1,0.47613056404758386,0
2020-09-28,0,0.45250986130368187,0,0.2891209,0,0.5102893101131701,1
2020-09-29,1,0.5067067825700945,1,0.5813578,1,0.698987262241801,1
2020-09-30,1,0.45439600135486397,0,0.5198365,1,0.48287304605213605,0
2020-10-01,0,0.4408928925045541,0,0.3459359,0,0.5179939338775361,1
2020-10-02,1,0.5417766358813342,1,0.5954343,1,0.6961058900002185,1
2020-10-05,1,0.4506913440053688,0,0.25119275,0,0.5050932259300361,1
2020-10-06,1,0.4892741911439385,0,0.47936842,0,0.5859995768570818,1
2020-10-07,0,0.540657273245789,1,0.55132395,1,0.4965354626166193,0
2020-10-08,1,0.4996907725118312,0,0.52095455,1,0.6067087483285507,1
2020-10-09,1,0.4908198550997621,0,0.5641386,1,0.5170873088190254,1
2020-10-12,1,0.5189597483814202,1,0.55013263,1,0.6239648128919834,1
2020-10-13,1,0.4413816817155611,0,0.3376525,0,0.41654560053616807,0
2020-10-14,1,0.45443343261220925,0,0.3014502,0,0.32657488575733806,0
2020-10-15,0,0.481382496334937,0,0.40259695,0,0.49062966765666355,0
2020-10-16,0,0.4927341679560727,0,0.4116291,0,0.33432652737918345,0
2020-10-19,0,0.4473652398701208,0,0.3392442,0,0.22584859690565562,0
2020-10-20,0,0.40261948288428734,0,0.20443699,0,0.25022490609221154,0
2020-10-21,1,0.5274284358951251,1,0.59044635,1,0.37791510961320945,0
2020-10-22,1,0.5105402805795578,1,0.49538383,0,0.3243218307706708,0
2020-10-23,0,0.5808708747804275,1,0.5575907,1,0.3621469306760483,0
2020-10-26,0,0.48847553492057094,0,0.26762533,0,0.4100142101564663,0
2020-10-27,0,0.4741920647220731,0,0.29268226,0,0.37031531211450514,0
2020-10-28,0,0.4039363748701785,0,0.20491835,0,0.30624313029520017,0
2020-10-29,1,0.45945482020527,0,0.22949119,0,0.23361109904383143,0
2020-10-30,1,0.37529193588451887,0,0.23056683,0,0.29726796319538773,0
2020-11-02,1,0.5721788369982288,1,0.61714387,1,0.5361714787382704,1
2020-11-03,1,0.5801379474365665,1,0.71765125,1,0.6633593402393023,1
2020-11-04,0,0.528054906342164,1,0.6687956,1,0.7324640072935631,1
2020-11-05,0,0.5479085249665963,1,0.5986368,1,0.6348918052246121,1
2020-11-06,1,0.5519676693897904,1,0.7085316,1,0.6879714893234625,1
2020-11-09,0,0.5725577892766752,1,0.64162034,1,0.5342026102262828,1
2020-11-10,0,0.6137777003415059,1,0.84030706,1,0.5856614566661772,1
2020-11-11,1,0.550510068389117,1,0.7817019,1,0.6283223652232177,1
2020-11-12,1,0.395350833981374,0,0.310546,0,0.3098440036240508,0
2020-11-13,0,0.5217066465830963,1,0.54721093,1,0.48646620916631717,0
2020-11-16,1,0.5770666153379971,1,0.5882558,1,0.7702857059078877,1
2020-11-17,1,0.5229750200415957,1,0.4917973,0,0.4575102217292947,0
2020-11-18,1,0.5639201370908458,1,0.5800721,1,0.5203180495147082,1
2020-11-19,1,0.5564767679832006,1,0.5136623,1,0.5584331938069779,1
2020-11-20,1,0.5692795234143221,1,0.49460492,0,0.5828811855881858,1
2020-11-23,1,0.5998672954305667,1,0.6804461,1,0.60063932155015,1
2020-11-24,1,0.5973405562783248,1,0.5636135,1,0.5892007371601586,1
2020-11-25,1,0.580798928969321,1,0.6154362,1,0.4919270919937867,0
2020-11-26,1,0.5732909946925806,1,0.51034665,1,0.5427968573853371,1
2020-11-27,0,0.5798933534932412,1,0.43412492,0,0.5073136733683784,1
2020-11-30,1,0.5439418421699717,1,0.5202281,1,0.48250663313925257,0
2020-12-01,1,0.5293105785462103,1,0.62035376,1,0.3626379856162248,0
2020-12-02,1,0.48750399590950366,0,0.32292902,0,0.4786411172790326,0
2020-12-03,1,0.5579183203736562,1,0.5055695,1,0.40578216109949217,0
2020-12-04,1,0.581442385658207,1,0.6851013,1,0.3754613921594838,0
2020-12-07,0,0.4665296944989574,0,0.39057824,0,0.3512302635736883,0
2020-12-08,1,0.5464617692966384,1,0.5720634,1,0.43961738413032586,0
2020-12-09,0,0.46241796981257627,0,0.19475289,0,0.301924847775209,0
2020-12-10,1,0.4650105142388817,0,0.28244346,0,0.36564652044324514,0
2020-12-11,1,0.5064892119538674,1,0.35996658,0,0.24547363954343376,0
2020-12-14,0,0.4972802779518016,0,0.3337764,0,0.3692909713661278,0
2020-12-15,1,0.6907245864808226,1,0.8089671,1,0.6012112690215377,1
2020-12-16,0,0.6251869222847196,1,0.61307657,1,0.5215211052334071,1
2020-12-17,1,0.6588933123807298,1,0.8102498,1,0.7288269008375068,1
2020-12-18,1,0.5945620871262354,1,0.5911537,1,0.5893297177446017,1
2020-12-21,1,0.5024381829794143,1,0.3085951,0,0.3446323118344586,0
2020-12-22,0,0.6018405492466158,1,0.46260506,0,0.5757652670708366,1
2020-12-23,0,0.6040399146557853,1,0.6559709,1,0.637338482095052,1
2020-12-24,1,0.6106022010723355,1,0.7527688,1,0.6943668293586251,1
2020-12-25,1,0.5329924870451641,1,0.50473064,1,0.45414849674459956,0
2020-12-28,1,0.5790177935542912,1,0.41012636,0,0.5850840856539642,1
2020-12-29,0,0.5419377711418945,1,0.34742916,0,0.601918237578397,1
2020-12-30,1,0.6242653346255741,1,0.81623477,1,0.6395581671220374,1
2020-12-31,1,0.5363890087006166,1,0.5178909,1,0.4775040547011866,0
2021-01-04,1,0.51860896167512,1,0.21310186,0,0.39112501912032754,0
2021-01-05,1,0.6322995746187264,1,0.5105475,1,0.7190328583868415,1
2021-01-06,1,0.6415930468195044,1,0.65463835,1,0.6981277405912928,1
2021-01-07,1,0.5874159638018305,1,0.5125106,1,0.6675231381770855,1
2021-01-08,1,0.6040342810335145,1,0.4531741,0,0.6619572958084786,1
2021-01-11,1,0.5047605980528651,1,0.22195245,0,0.30347893361832995,0
2021-01-12,0,0.6278210754759336,1,0.6771446,1,0.6310978479278805,1
2021-01-13,1,0.6311405157896437,1,0.543251,1,0.6643105725035665,1
2021-01-14,1,0.5918144677487776,1,0.5983046,1,0.5239681843678243,1
2021-01-15,0,0.5221139230327867,1,0.45841506,0,0.4091001095298316,0
2021-01-18,0,0.5400045661595582,1,0.3767197,0,0.3354618284244088,0
2021-01-19,1,0.5831072459997025,1,0.6070022,1,0.778417831251002,1
2021-01-20,1,0.5315591790966497,1,0.524645,1,0.4220500360728071,0
2021-01-21,1,0.5762696614133483,1,0.6327854,1,0.5763125748979971,1
2021-01-22,0,0.570533731453437,1,0.52714455,1,0.5737963485707571,1
2021-01-25,0,0.5182327358535801,1,0.52883095,1,0.47584359175270013,0
2021-01-26,0,0.5144253788098822,1,0.570053,1,0.6270411063867001,1
2021-01-27,0,0.3613454656037148,0,0.22151953,0,0.07249122480994533,0
2021-01-28,1,0.4653747487040697,0,0.41859376,0,0.5696590178002793,1
2021-01-29,0,0.4067099428403265,0,0.23761614,0,0.10489157579325704,0
2021-02-01,1,0.6199173855167828,1,0.73316413,1,0.7889023872525093,1
2021-02-02,1,0.536234330698708,1,0.47045892,0,0.608328591503907,1
2021-02-03,0,0.6225813576023915,1,0.7341045,1,0.7193499721206548,1
2021-02-04,1,0.6244688270119918,1,0.70370024,1,0.7148732016966864,1
2021-02-05,0,0.5986958141613866,1,0.6630375,1,0.47605845621036025,0
2021-02-08,1,0.5581297636882537,1,0.5918948,1,0.8156530712481038,1
2021-02-09,1,0.556105154079433,1,0.57684636,1,0.5367832266406342,1
2021-02-17,1,0.694938023672763,1,0.8697164,1,0.6400360860153068,1
2021-02-18,0,0.6476832426773336,1,0.65317565,1,0.8147722723191362,1
2021-02-19,1,0.6514145820517294,1,0.6004285,1,0.8763210279249044,1
2021-02-22,1,0.5390848675801032,1,0.43213534,0,0.6738387591228822,1
2021-02-23,0,0.6543478221905592,1,0.6793029,1,0.7497049233468636,1
2021-02-24,1,0.5570968082259826,1,0.47821504,0,0.7103074024865073,1
2021-02-25,1,0.5342704950836852,1,0.2624768,0,0.27848084585205185,0
2021-02-26,1,0.5066586478688075,1,0.3815013,0,0.4156448727479652,0
2021-03-01,0,0.6198108138490931,1,0.52083373,1,0.4981954029743664,0
2021-03-02,0,0.5177349303046505,1,0.38063943,0,0.5037458988096196,1
2021-03-03,0,0.5456645476399885,1,0.6676727,1,0.3491091046196435,0
2021-03-04,0,0.4575655816925909,0,0.40373093,0,0.33386623465770576,0
2021-03-05,0,0.4878806132726525,0,0.42986017,0,0.3612913964618067,0
2021-03-08,0,0.43086769472551795,0,0.35118398,0,0.40691475048298664,0
2021-03-09,1,0.5088043408936436,1,0.536413,1,0.48916185918097693,0
2021-03-10,1,0.5364140489379478,1,0.6689053,1,0.555548546790105,1
2021-03-11,0,0.5724731860586862,1,0.66504514,1,0.5122472728883524,1
2021-03-12,1,0.5292799946746044,1,0.6395614,1,0.5084896154755474,1
2021-03-15,0,0.5412221606009642,1,0.66825485,1,0.500249882891842,1
2021-03-16,1,0.5386827316337045,1,0.7456348,1,0.533107164098184,1
2021-03-17,1,0.5107330682233627,1,0.68743646,1,0.3752745972894099,0
2021-03-18,0,0.43938059257883066,0,0.38613033,0,0.26652136421408273,0
2021-03-19,0,0.46299752481260714,0,0.3923586,0,0.4869750743358381,0
2021-03-22,0,0.4964322704266787,0,0.37468642,0,0.39988332595883,0
2021-03-23,0,0.4050773972327502,0,0.24255414,0,0.33653182333906156,0
2021-03-24,1,0.3642703640140622,0,0.2478777,0,0.3161373947206095,0
2021-03-25,0,0.4926160318489188,0,0.35306695,0,0.4850748133615217,0
2021-03-26,1,0.45337267958813005,0,0.25749317,0,0.4787499156327193,0
2021-03-29,1,0.4376617275178173,0,0.26997033,0,0.29556288711353396,0
2021-03-30,1,0.5606467680884887,1,0.55174035,1,0.461777452807769,0
2021-03-31,1,0.5030328400558346,1,0.54923797,1,0.3777249964479256,0
2021-04-01,1,0.635628123429918,1,0.71457326,1,0.7447532076349307,1
2021-04-02,1,0.6162840704995328,1,0.73926437,1,0.6464487658564618,1
2021-04-05,1,0.5898459573303095,1,0.75591326,1,0.675725125972064,1
2021-04-06,1,0.6107425174084175,1,0.69718975,1,0.6544669418359882,1
2021-04-07,0,0.5959613858042687,1,0.6652737,1,0.6368825436676917,1
2021-04-08,0,0.5949720901074281,1,0.73400843,1,0.608864405052176,1
2021-04-09,1,0.5486928493269684,1,0.66331345,1,0.5489946509504966,1
2021-04-12,0,0.591575095486395,1,0.6957734,1,0.5531211968501764,1
2021-04-13,1,0.6816627808072371,1,0.8716175,1,0.7131013820662228,1
2021-04-14,0,0.6212249019787136,1,0.83861864,1,0.7276648344596016,1
2021-04-15,0,0.6051335781980088,1,0.76415414,1,0.7041885890303684,1
2021-04-16,1,0.6238368009364585,1,0.785975,1,0.7168416912983472,1
2021-04-19,1,0.5527216663786358,1,0.5365877,1,0.5159852467476627,1
2021-04-20,0,0.5377840830674123,1,0.6449976,1,0.5118793240023256,1
2021-04-22,1,0.516639325766768,1,0.5548028,1,0.7934560730511762,1
2021-04-23,0,0.6042211773900926,1,0.76291233,1,0.4598486643447159,0
2021-04-26,1,0.4824416599133472,0,0.3985708,0,0.7281954037076264,1
2021-04-27,1,0.47629189428363616,0,0.4512142,0,0.4973756210361812,0
2021-04-28,1,0.47051801354185796,0,0.2433217,0,0.440027283707937,0
2021-04-29,1,0.4767372427894883,0,0.2318667,0,0.4792079996657957,0
2021-05-04,1,0.46276306687370694,0,0.27967262,0,0.5119377423511015,1
2021-05-05,0,0.5584463827866573,1,0.56775707,1,0.46470954673712134,0
2021-05-06,0,0.6027645838821114,1,0.68773806,1,0.6641399390834036,1
2021-05-07,1,0.5679361771386504,1,0.56749177,1,0.7324399549138941,1
2021-05-10,0,0.5089288328442039,1,0.51712286,1,0.4498121293422303,0
2021-05-11,1,0.43659168899915207,0,0.29822418,0,0.4325754201302225,0
2021-05-12,0,0.46489359673093306,0,0.31610253,0,0.26189728414461866,0
2021-05-13,1,0.4820049507084199,0,0.5095635,1,0.5487530574693317,1
2021-05-14,0,0.5969912363930328,1,0.70828915,1,0.7430778791706314,1
2021-05-17,0,0.48081927488581744,0,0.5390084,1,0.5658126738030624,1
2021-05-18,1,0.507466969984829,1,0.6941782,1,0.5192433015576805,1
2021-05-19,1,0.4724617868406875,0,0.40303966,0,0.4564561127490724,0
2021-05-20,1,0.560841132012911,1,0.64712155,1,0.6822869328246105,1
2021-05-21,1,0.5655444639140058,1,0.68415475,1,0.7172365259554829,1
2021-05-24,1,0.5843839669822126,1,0.46451342,0,0.5880284677795369,1
2021-05-25,1,0.5085609828093967,1,0.47021472,0,0.5847666824675861,1
2021-05-26,0,0.603015884266862,1,0.53989816,1,0.62176384023258,1
2021-05-27,1,0.5853501001700321,1,0.71832055,1,0.6186241114455794,1
2021-05-28,1,0.6193001948611745,1,0.68038267,1,0.54323594008119,1
2021-05-31,1,0.5034883312793753,1,0.5553492,1,0.5926526357090278,1
2021-06-01,1,0.4914973212561091,0,0.41234636,0,0.44442036833655296,0
2021-06-02,1,0.6004417024524722,1,0.52479666,1,0.5357993784887835,1
2021-06-03,1,0.5599567687965471,1,0.6190389,1,0.4634392996447176,0
2021-06-04,0,0.6066815937751592,1,0.6809101,1,0.4968057330202496,0
2021-06-07,0,0.6131064211073104,1,0.63560635,1,0.697578177320135,1
2021-06-08,1,0.5319255794020965,1,0.59336084,1,0.6433384281077275,1
2021-06-09,0,0.4523829260678107,0,0.3087551,0,0.39814269324654017,0
2021-06-10,1,0.5424041045564462,1,0.56529963,1,0.7011044703609572,1
2021-06-11,1,0.6192385381267609,1,0.7949097,1,0.573711567963054,1
2021-06-14,1,0.5345522806180869,1,0.58715194,1,0.4645849624291909,0
2021-06-15,0,0.5131426362439696,1,0.41294816,0,0.4799862203058636,0
2021-06-16,1,0.45503238814755853,0,0.3402162,0,0.38662017619376055,0
2021-06-17,1,0.5688598202476532,1,0.6757553,1,0.4432352562911163,0
2021-06-18,0,0.4480643672115436,0,0.14414497,0,0.16600171605315053,0
2021-06-21,1,0.4704213386503357,0,0.364838,0,0.4511662000131658,0
2021-06-22,0,0.6157084917865024,1,0.8089578,1,0.5725699208314958,1
2021-06-23,1,0.5785239872316381,1,0.7337531,1,0.45175499806737673,0
2021-06-24,1,0.5811689564501777,1,0.71638834,1,0.42205583081166903,0
2021-06-25,1,0.5273358503250107,1,0.5861725,1,0.41665020042687184,0
2021-06-28,1,0.5060482373581441,1,0.51098466,1,0.40463391195200704,0
2021-06-29,0,0.41833141303669524,0,0.24070369,0,0.36794847184093576,0
2021-06-30,1,0.5113680870183159,1,0.5893719,1,0.339679189930488,0
2021-07-01,1,0.5217165320408642,1,0.642014,1,0.42793575857843963,0
2021-07-02,0,0.4756100200483193,0,0.38792175,0,0.4432566934182388,0
2021-07-05,0,0.5132310055190178,1,0.59672844,1,0.5675069557967869,1
2021-07-06,1,0.46283399012191845,0,0.4131208,0,0.73735717333676,1
2021-07-07,0,0.5394352305046448,1,0.5197694,1,0.5323371289810988,1
2021-07-08,0,0.43865908410884374,0,0.27262345,0,0.47111863922169145,0
2021-07-09,0,0.5698943389236739,1,0.6965954,1,0.7611769356137131,1
2021-07-12,0,0.5329348544221575,1,0.56372386,1,0.7071061001725978,1
2021-07-13,0,0.4220919542821999,0,0.22903761,0,0.309238939400187,0
2021-07-14,1,0.5289299977608872,1,0.55730253,1,0.6042224072312761,1
2021-07-15,1,0.46851189736999693,0,0.5946668,1,0.4875005762799722,0
2021-07-16,0,0.37108718483295156,0,0.10254979,0,0.22257281289855999,0
2021-07-19,1,0.45240815018505515,0,0.37584198,0,0.1672630963854642,0
2021-07-20,0,0.5111604227225227,1,0.5009531,1,0.3262048510549764,0
2021-07-21,1,0.5265221424761036,1,0.59501547,1,0.3619280682969328,0
2021-07-22,0,0.570200431233939,1,0.6127164,1,0.41118026131121155,0
2021-07-23,1,0.5549621404880735,1,0.65245616,1,0.4106827330116554,0
2021-07-26,1,0.44795630145305493,0,0.23977497,0,0.32740847724919037,0
2021-07-27,0,0.41212226212405634,0,0.19889441,0,0.27797520984002694,0
2021-07-28,1,0.5348935611803511,1,0.7156875,1,0.4764060738208118,0
2021-07-29,1,0.5881676313219962,1,0.64100933,1,0.44767826130917326,0
2021-07-30,1,0.4848611684650749,0,0.41431248,0,0.3562036070306458,0
2021-08-02,1,0.5002210440797521,1,0.53764445,1,0.4027380334512711,0
2021-08-03,1,0.5618737939654703,1,0.6612556,1,0.5102764246033178,1
2021-08-04,1,0.5472509869968912,1,0.492893,0,0.49946218692596106,0
2021-08-05,0,0.5460495249338109,1,0.57356066,1,0.5906529890901128,1
2021-08-06,1,0.5335238628164501,1,0.47209102,0,0.49567017327716995,0
2021-08-09,1,0.5000302570992038,1,0.4649337,0,0.4885174779700526,0
2021-08-10,0,0.5517022747040884,1,0.37824243,0,0.5636146769639274,1
2021-08-11,0,0.6006380709062704,1,0.60627484,1,0.6817851877971751,1
2021-08-12,1,0.6041545554722763,1,0.774729,1,0.67243195609857,1
2021-08-13,1,0.5681719153056487,1,0.6817958,1,0.6311606863843084,1
2021-08-16,0,0.5273981113333699,1,0.60891837,1,0.6278790232682281,1
2021-08-17,0,0.4917939287861023,0,0.56841046,1,0.6071695860812794,1
2021-08-18,1,0.4343937160964534,0,0.24252531,0,0.39539496329222723,0
2021-08-19,0,0.46557116343195276,0,0.4879517,0,0.582526042373072,1
2021-08-20,0,0.5562317878381277,1,0.65488297,1,0.9034951661411991,1
2021-08-23,0,0.5397644957917281,1,0.614115,1,0.7581782369797495,1
2021-08-24,1,0.47323779585083475,0,0.34384015,0,0.6116803878424598,1
2021-08-25,0,0.5016226406951836,1,0.49421152,0,0.6865411518935126,1
2021-08-26,1,0.3970371354318167,0,0.2984464,0,0.5457479080977778,1
2021-08-27,1,0.5109464493029249,1,0.43214524,0,0.6647339194137329,1
2021-08-30,1,0.5302823196097074,1,0.3314066,0,0.652462058245296,1
2021-08-31,1,0.5031541113550295,1,0.56717324,1,0.594495919003004,1
2021-09-01,1,0.5340728152782442,1,0.5339238,1,0.5202712326937707,1
2021-09-06,0,0.5241563352793457,1,0.49275345,0,0.5223490354141642,1
2021-09-07,0,0.44553647642579125,0,0.3234766,0,0.37323742923309106,0
2021-09-08,1,0.541670009111204,1,0.6143756,1,0.40094408002299425,0
2021-09-09,0,0.39639114638045486,0,0.36611357,0,0.3308576554464501,0
2021-09-10,0,0.43475788100739227,0,0.40340668,0,0.3233285004204287,0
2021-09-13,0,0.5079425690582114,1,0.5780166,1,0.45684745595689735,0
2021-09-14,1,0.4379220764778496,0,0.47799817,0,0.3919085327128763,0
2021-09-15,0,0.5172019067881937,1,0.5711896,1,0.5001053268205318,1
2021-09-16,1,0.38184861804178394,0,0.2751726,0,0.3900233019404062,0
2021-09-17,0,0.4224385280259186,0,0.2883592,0,0.2539693497915467,0
2021-09-20,0,0.4270655958801365,0,0.3362025,0,0.22762598090188066,0
2021-09-21,1,0.4102060578615292,0,0.38583693,0,0.4262085152032651,0
2021-09-22,1,0.46876869212387,0,0.5059213,1,0.4744557417449281,0
2021-09-23,0,0.47645360313807533,0,0.35900012,0,0.5056643158448882,1
2021-09-24,0,0.5248608030029173,1,0.82249165,1,0.4917545030339678,0
2021-09-27,1,0.4079981240989572,0,0.42781165,0,0.6022983125254203,1
2021-09-28,0,0.4445340619641513,0,0.54691064,1,0.3362456539164077,0
2021-09-29,1,0.4770742199637678,0,0.54808664,1,0.5162078060515379,1
2021-09-30,0,0.48574215112916924,0,0.6230889,1,0.4659216735631648,0
2021-10-01,1,0.4940474841405529,0,0.526501,1,0.48011464798802755,0
2021-10-04,1,0.39217536537971665,0,0.33829165,0,0.2717101271706188,0
2021-10-05,1,0.4545323538243859,0,0.2524939,0,0.5135006437013759,1
2021-10-06,1,0.5189615493601748,1,0.7745861,1,0.4868315837811262,0
2021-10-07,1,0.4946509389752229,0,0.26373667,0,0.5178165949397276,1
2021-10-08,1,0.5296868052362308,1,0.57785213,1,0.46256078797680383,0
2021-10-11,0,0.48593245745064356,0,0.57725054,1,0.3367607052332232,0
2021-10-12,0,0.42255567874792904,0,0.31669205,0,0.43223369207784595,0
2021-10-13,0,0.47851879587724366,0,0.49270928,0,0.4788655823346245,0
2021-10-14,0,0.5392121616689275,1,0.6654171,1,0.5415937239810525,1
2021-10-15,1,0.5108003438986933,1,0.44375697,0,0.5077375204561906,1
2021-10-18,0,0.49324824977281867,0,0.38217196,0,0.3323206328362428,0
2021-10-19,0,0.5513053812173981,1,0.64827365,1,0.484025229494066,0
2021-10-20,0,0.5577605376038732,1,0.6130091,1,0.4857192043597518,0
2021-10-21,1,0.49245444823247736,0,0.6828978,1,0.46274374999543716,0
2021-10-22,0,0.38996975058894034,0,0.28406128,0,0.32908926007483824,0
2021-10-25,1,0.4750274042187384,0,0.59055007,1,0.39108308188728086,0
2021-10-26,1,0.4370966021857384,0,0.50373703,1,0.45656516436428696,0
2021-10-27,1,0.43547818575509467,0,0.36982015,0,0.40571342487495476,0
2021-10-28,1,0.619402454245904,1,0.81519145,1,0.6185845750334662,1
2021-10-29,0,0.6313056808536622,1,0.7312986,1,0.5415682603300183,1
2021-11-01,1,0.5832917316780821,1,0.58209354,1,0.39013111656968535,0
2021-11-02,0,0.634436696947686,1,0.74726355,1,0.4984389688719573,0
2021-11-03,1,0.6069168933960228,1,0.7523397,1,0.5662735896907214,1
2021-11-04,1,0.545375411306792,1,0.6834897,1,0.5097607335599649,1
2021-11-05,1,0.47429286628640666,0,0.43710554,0,0.4445642026846081,0
2021-11-08,0,0.5483498406620013,1,0.56790227,1,0.4993856894744913,0
2021-11-09,1,0.5450922972496414,1,0.53472877,1,0.5507185199063751,1
2021-11-10,0,0.4378341280445592,0,0.36833024,0,0.33734879639904847,0
2021-11-11,1,0.4958878505762121,0,0.519596,1,0.3803505435662426,0
2021-11-12,1,0.5673145622419956,1,0.64916426,1,0.4899146586516259,0
2021-11-15,0,0.48963724213697657,0,0.40210378,0,0.4322105453309691,0
2021-11-16,1,0.4853478910804541,0,0.4160784,0,0.3783392016039771,0
2021-11-17,0,0.490230686447747,0,0.6319581,1,0.2868536566054095,0
2021-11-18,0,0.3887763997698714,0,0.20962045,0,0.36375825558787667,0
2021-11-19,0,0.4549477503200172,0,0.5337505,1,0.48866614064938313,0
2021-11-22,1,0.336430954977483,0,0.19941258,0,0.2885264717835287,0
2021-11-23,1,0.5121706341138884,1,0.6354404,1,0.4188757581914454,0
2021-11-24,1,0.559143392158775,1,0.76178026,1,0.48875432628406074,0
2021-11-25,0,0.5803407443333856,1,0.6412149,1,0.5584966712739368,1
2021-11-26,0,0.4142588444363318,0,0.31776452,0,0.06381297321274419,0
2021-11-29,0,0.4418266260644925,0,0.4517176,0,0.6413276945346312,1
2021-11-30,1,0.39689474838721805,0,0.44866425,0,0.2871188211332155,0
2021-12-01,0,0.4263996140354891,0,0.27529782,0,0.21919725187007066,0
2021-12-02,0,0.5518071717159522,1,0.7267701,1,0.41876542896990165,0
2021-12-03,0,0.4205988418218063,0,0.43639,0,0.3129642130502396,0
2021-12-06,1,0.4279625912524551,0,0.26647183,0,0.4470003068876011,0
2021-12-07,1,0.5362986089852765,1,0.5423443,1,0.5359756177949335,1
2021-12-08,1,0.584925288426834,1,0.44974676,0,0.5487115188052251,1
2021-12-09,0,0.530147122443162,1,0.44693553,0,0.4364192274753572,0
2021-12-10,1,0.46339935891824874,0,0.22031981,0,0.35520625396503247,0
2021-12-13,0,0.46654082581028605,0,0.28605774,0,0.331782763087091,0
2021-12-14,0,0.420647153543095,0,0.321062,0,0.3344695574337694,0
2021-12-15,0,0.5036749851053575,1,0.5647483,1,0.49857632692226544,0
2021-12-16,1,0.46278234493409287,0,0.37447846,0,0.47518356398414513,0
2021-12-17,0,0.4029207103468932,0,0.4390746,0,0.4030313352297611,0
2021-12-20,0,0.3941312252855438,0,0.17321043,0,0.313639272360673,0
2021-12-21,0,0.47941635811738126,0,0.46196786,0,0.5351959021825297,1
2021-12-22,0,0.44607795654558763,0,0.23550408,0,0.4547786112193284,0
2021-12-23,1,0.47682694674002324,0,0.46438387,0,0.5267521364854817,1
2021-12-24,1,0.5367597102721309,1,0.63377136,1,0.410103816528016,0
2021-12-27,1,0.5723775984977991,1,0.77960485,1,0.7371005824329516,1
2021-12-28,0,0.5389757609779923,1,0.5512167,1,0.6857732391376645,1
2021-12-29,0,0.5317208927925245,1,0.642653,1,0.628903413796344,1
2021-12-30,1,0.4732458718988479,0,0.54066783,1,0.507799498892585,1
2021-12-31,1,0.46045942624641706,0,0.2502666,0,0.47916966895983826,0
2022-01-04,0,0.6603916743910739,1,0.9120007,1,0.7687538445267286,1
2022-01-05,1,0.48250656104252326,0,0.39665172,0,0.5005040265368478,1
2022-01-06,0,0.5102584798191688,1,0.37247515,0,0.4900194377295708,0
2022-01-07,0,0.5403312228958632,1,0.45500654,0,0.5111516104282458,1
2022-01-10,0,0.5435816671465563,1,0.66307825,1,0.7096384871908166,1
2022-01-11,1,0.5311992298300948,1,0.6796951,1,0.6745169210178459,1
2022-01-12,0,0.5979020699217188,1,0.6633384,1,0.8685895117896664,1
2022-01-13,0,0.5034708215078032,1,0.5932962,1,0.7493522424832852,1
2022-01-14,0,0.520546580546496,1,0.6489367,1,0.7506529717673265,1
2022-01-17,0,0.539414170869252,1,0.6714623,1,0.7217562850846855,1
2022-01-18,1,0.4343626105150709,0,0.34914625,0,0.3078231948262706,0
2022-01-19,1,0.42528439014345715,0,0.35067773,0,0.310493161786455,0
2022-01-20,1,0.48164465800399975,0,0.5744027,1,0.47364375620925153,0
2022-01-21,0,0.46377225301926955,0,0.2976932,0,0.2918987086070105,0
2022-01-24,1,0.4566570158228627,0,0.36688948,0,0.45942719483614064,0
2022-01-25,1,0.47345729272828074,0,0.36425447,0,0.4115864555086359,0
2022-01-26,0,0.5372502437069185,1,0.5016594,1,0.512182758629321,1
2022-01-27,1,0.5502392635488944,1,0.74588954,1,0.49302282211446724,0
2022-01-28,1,0.5147654830466016,1,0.5212838,1,0.31998623140068533,0
2022-02-07,1,0.5589209506369777,1,0.6411199,1,0.7395434613173235,1
2022-02-08,1,0.6080100647447734,1,0.7744449,1,0.6795254413189428,1
2022-02-09,0,0.5441219420461391,1,0.53928757,1,0.6158559015776535,1
2022-02-10,0,0.5034638317474984,1,0.38864097,0,0.32604269658896856,0
2022-02-11,0,0.44768247283997586,0,0.13742383,0,0.3187874833743614,0
2022-02-14,1,0.41519052584889415,0,0.4037426,0,0.31641065459776085,0
2022-02-15,0,0.5383727288927168,1,0.7600532,1,0.45081421574882563,0
2022-02-16,1,0.5755402163885178,1,0.7060694,1,0.5143872601505093,1
2022-02-17,0,0.46192664175259335,0,0.42957172,0,0.3289541745102178,0
2022-02-18,1,0.49606599974107296,0,0.65474874,1,0.44108142253191296,0
2022-02-21,0,0.46160021903588394,0,0.36698222,0,0.36087506351021326,0
2022-02-22,1,0.439165522030278,0,0.3773786,0,0.32277398544984304,0
2022-02-23,0,0.44712928128295204,0,0.50267035,1,0.3599508518386785,0
2022-02-24,1,0.4521308735826532,0,0.49575213,0,0.3993397041350023,0
2022-02-25,0,0.5176014210921984,1,0.69275814,1,0.5652640915025431,1
2022-02-28,1,0.407722613173544,0,0.34366363,0,0.5013266825966478,1
2022-03-01,0,0.405265626503728,0,0.30221492,0,0.2158667628624147,0
2022-03-02,1,0.4231457708315568,0,0.2776507,0,0.34231675406020873,0
2022-03-03,0,0.5033692079807365,1,0.54258627,1,0.2920190133306565,0
2022-03-04,0,0.37714899800303286,0,0.16589123,0,0.17852424603912626,0
2022-03-07,0,0.3846941441754835,0,0.42958525,0,0.1180845856237732,0
2022-03-08,0,0.44578192405526323,0,0.54946566,1,0.3145801253192762,0
2022-03-09,1,0.5300450179145674,1,0.63317263,1,0.3668351541482579,0
2022-03-10,0,0.5394761967360743,1,0.50622004,1,0.3881588527566892,0
2022-03-11,0,0.409419678087529,0,0.40390596,0,0.24376688571405172,0
2022-03-14,1,0.39614891865981894,0,0.37254456,0,0.21577076243170415,0
2022-03-15,1,0.44050281859074886,0,0.32548586,0,0.2695240235073111,0
2022-03-16,1,0.5228740312881499,1,0.2991197,0,0.5521256902478732,1
2022-03-17,1,0.5287610716361795,1,0.47204468,0,0.4338730180120058,0
2022-03-18,1,0.5150521841079306,1,0.4540368,0,0.4384752839890845,0
2022-03-21,1,0.5548769592854981,1,0.8067409,1,0.3816141181318595,0
2022-03-22,0,0.5230829244297143,1,0.47452134,0,0.36621220961773326,0
2022-03-23,0,0.4861381844081344,0,0.32921857,0,0.3811235368294666,0
2022-03-24,0,0.48152595255488895,0,0.4099358,0,0.42768668089390366,0
2022-03-25,0,0.5072171202298246,1,0.57031214,1,0.522614431797555,1
2022-03-28,1,0.5251740815939654,1,0.6595525,1,0.5474043713860169,1
2022-03-29,0,0.5035379292867251,1,0.6728243,1,0.5595430248572336,1
2022-03-30,1,0.5396667726540414,1,0.6568733,1,0.604930250719949,1
2022-03-31,1,0.4150778234788229,0,0.30537304,0,0.5411130098971073,1
2022-04-01,1,0.5079184030250282,1,0.59088314,1,0.46788485347514375,0
2022-04-04,0,0.5208025718354399,1,0.69343793,1,0.5802921530460013,1
2022-04-05,1,0.4084338096829539,0,0.37275407,0,0.48914907503472627,0
2022-04-06,0,0.42016555510822506,0,0.36056983,0,0.32702725172466324,0
2022-04-07,0,0.5152104023864318,1,0.6556714,1,0.48155865480178095,0
2022-04-08,0,0.5773178923670508,1,0.83601415,1,0.5104208002127255,1
2022-04-12,1,0.45197507985771146,0,0.27438402,0,0.45885260177877135,0
2022-04-13,0,0.6038650055624765,1,0.7133568,1,0.6374524174496754,1
2022-04-14,0,0.5595219731882877,1,0.5166757,1,0.5770916058493124,1
2022-04-15,0,0.5626429891558073,1,0.6235544,1,0.45009778494560415,0
2022-04-18,0,0.5581912767367547,1,0.7877451,1,0.4013495977699632,0
2022-04-19,0,0.5657738426967579,1,0.76949847,1,0.4767153973299307,0
2022-04-20,0,0.5422996326484874,1,0.59840417,1,0.4128481540201135,0
2022-04-21,1,0.4476801158238688,0,0.3739698,0,0.3464300277338212,0
2022-04-22,0,0.41866467417034003,0,0.2065419,0,0.24343792716602544,0
2022-04-25,1,0.5262451616022296,1,0.7821085,1,0.6993838337703921,1
2022-04-26,1,0.4547014194060921,0,0.52262735,1,0.21124066403103794,0
2022-04-27,0,0.6417118506912486,1,0.8773777,1,0.7424625789545577,1
2022-04-28,1,0.6505057238521983,1,0.89740336,1,0.4839389361706594,0
2022-04-29,0,0.4967883222591226,0,0.6006487,1,0.3081242204305228,0
2022-05-04,1,0.6671043253599879,1,0.88315433,1,0.7965414215709326,1
2022-05-05,0,0.4794695771183201,0,0.29994664,0,0.3177709935043421,0
2022-05-06,0,0.5665268753624767,1,0.8162813,1,0.49209588609287663,0
2022-05-09,1,0.45650400962245224,0,0.52605563,1,0.34115997395088327,0
2022-05-10,1,0.5405118912294773,1,0.6150159,1,0.4957454934080134,0
2022-05-11,0,0.6603090394483083,1,0.8755113,1,0.5661933864417902,1
2022-05-12,0,0.5494339137661775,1,0.6875643,1,0.6079779869521497,1
2022-05-13,0,0.5410026926700583,1,0.710789,1,0.23986262008516931,0
2022-05-16,1,0.5510356997860931,1,0.4948159,0,0.32743676390145016,0
2022-05-17,1,0.6292122113437361,1,0.66722596,1,0.6553284982052304,1
2022-05-18,0,0.5173727076625043,1,0.42611778,0,0.49468692844193346,0
2022-05-19,0,0.6138054218168016,1,0.761495,1,0.7586153379063433,1
2022-05-20,0,0.6685092930198517,1,0.9080876,1,0.6998602852989209,1
2022-05-23,1,0.6326975060959749,1,0.86450905,1,0.6829910128681591,1
2022-05-24,1,0.5696451104533514,1,0.49165893,0,0.5773499361447202,1
2022-05-25,0,0.6634335530543388,1,0.8558467,1,0.8247765596815201,1
2022-05-26,1,0.6474741596133633,1,0.7580077,1,0.7971526959990912,1
2022-05-27,1,0.6023446383404556,1,0.60328823,1,0.676450043530317,1
2022-05-30,0,0.6820118326944928,1,0.8541306,1,0.7546443627328918,1
2022-05-31,1,0.6079638162019088,1,0.76149815,1,0.6629631061382368,1
2022-06-01,0,0.584214348006634,1,0.8791591,1,0.619354500836844,1
2022-06-02,0,0.6004408830600323,1,0.8210326,1,0.6246191765205724,1
2022-06-03,1,0.6029335332670216,1,0.8419812,1,0.5558871055560394,1
2022-06-06,1,0.513130899615638,1,0.6466927,1,0.4309029980231356,0
2022-06-07,1,0.5478854175528656,1,0.6825789,1,0.5411478094149866,1
2022-06-08,0,0.5459056507213472,1,0.7636832,1,0.5331520383524143,1
2022-06-09,0,0.3972840948111868,0,0.32329482,0,0.3672904556297642,0
2022-06-10,0,0.45151215795735095,0,0.41830784,0,0.2786153642640692,0
2022-06-13,1,0.3988114278046471,0,0.2638452,0,0.1620960621915357,0
2022-06-14,0,0.5157499397211359,1,0.5968317,1,0.19510804993742054,0
2022-06-15,1,0.5649742453845755,1,0.54154015,1,0.5975164836430519,1
2022-06-16,0,0.43637015037621163,0,0.3133506,0,0.39132858283275146,0
2022-06-17,0,0.6405590997442054,1,0.79591477,1,0.7047077678187685,1
2022-06-20,0,0.5145157685252443,1,0.52655023,1,0.4783842242538214,0
2022-06-21,0,0.5259259068497446,1,0.45757225,0,0.41971138790516016,0
2022-06-22,1,0.5787356349188522,1,0.70902747,1,0.48486494682986936,0
2022-06-23,0,0.6302478950368927,1,0.79600936,1,0.6258223628653716,1
2022-06-24,1,0.6464642173945603,1,0.83850664,1,0.599148617837194,1
2022-06-27,1,0.6319627622839652,1,0.8043312,1,0.659904412718795,1
2022-06-28,0,0.6319246725727067,1,0.77250534,1,0.6375950492536685,1
2022-06-29,0,0.562974881950694,1,0.5904391,1,0.5974667743821045,1
2022-06-30,1,0.5502784077471131,1,0.5098952,1,0.6011753188363934,1
2022-07-01,0,0.5582811562159539,1,0.6324295,1,0.5964609241404447,1
2022-07-04,0,0.585695769102934,1,0.6875449,1,0.5835744025033625,1
2022-07-05,0,0.5314004805456649,1,0.68010914,1,0.4688038557444062,0
2022-07-06,1,0.5291909207502286,1,0.6282976,1,0.4832272416440515,0
2022-07-07,1,0.636367152863538,1,0.8577879,1,0.47176936322576096,0
2022-07-08,0,0.59478886635825,1,0.67724794,1,0.4884432518441473,0
2022-07-11,1,0.5484597340201832,1,0.7342463,1,0.45311238033110945,0
2022-07-12,0,0.5476933561308482,1,0.8218345,1,0.40340860669742595,0
2022-07-13,1,0.6182216673367222,1,0.80309486,1,0.6110920312554895,1
2022-07-14,0,0.5938784370427583,1,0.7193033,1,0.522151686415723,1
2022-07-15,0,0.5694163662943056,1,0.717742,1,0.491430163865271,0
2022-07-18,1,0.5836936640556736,1,0.7817097,1,0.5085444482648496,1
2022-07-19,1,0.5603828407658523,1,0.7381653,1,0.5688022293016809,1
2022-07-20,1,0.5504063194600569,1,0.4686499,0,0.5695669118584117,1
2022-07-21,0,0.5534854157918178,1,0.70697105,1,0.5631780326693505,1
2022-07-22,0,0.5356870072799023,1,0.5905412,1,0.5426782636289498,1
2022-07-25,0,0.5169599725255429,1,0.72925484,1,0.6459971808250907,1
2022-07-26,1,0.44075410559097966,0,0.6237666,1,0.5140967208044177,1
2022-07-27,1,0.5073807537444129,1,0.6668688,1,0.6247754248704872,1
2022-07-28,0,0.5544624404372495,1,0.7112494,1,0.569976128903465,1
2022-07-29,1,0.5344499516611655,1,0.7617532,1,0.6156649588551172,1
2022-08-01,1,0.5064960101892076,1,0.44146484,0,0.5024863394036796,1
2022-08-02,1,0.5569309911706284,1,0.65482193,1,0.6011609810541877,1
2022-08-03,1,0.5783268017138952,1,0.577026,1,0.6694583143718288,1
2022-08-04,0,0.6125706475993147,1,0.73786086,1,0.6943847316338773,1
2022-08-05,1,0.6007817209925341,1,0.8316889,1,0.6167628593697578,1
2022-08-08,1,0.48381501438021907,0,0.49461985,0,0.4169719905360662,0
2022-08-09,0,0.4495062741998874,0,0.40366364,0,0.47037162553958045,0
2022-08-10,0,0.4905611974786241,0,0.30290994,0,0.6067748187296936,1
2022-08-11,1,0.538192753888947,1,0.6083982,1,0.5583498384080908,1
2022-08-12,1,0.5463102420574875,1,0.5319581,1,0.5307511765447449,1
2022-08-15,0,0.48539042751599215,0,0.51379436,1,0.4997041339193886,0
2022-08-16,0,0.4819761746906276,0,0.6039437,1,0.4478063696211743,0
2022-08-17,0,0.4533655866895531,0,0.50023186,1,0.416494576215286,0
2022-08-18,0,0.48614993048384186,0,0.5461098,1,0.4164188513063061,0
2022-08-19,0,0.4801364555391724,0,0.5288764,1,0.307448988303994,0
2022-08-22,1,0.41172485906752593,0,0.4090942,0,0.23694145024720872,0
2022-08-23,1,0.47246549931008436,0,0.40599167,0,0.3478710742140466,0
2022-08-24,1,0.47272875201428805,0,0.6965572,1,0.5065668309995784,1
2022-08-25,0,0.5008531060600812,1,0.63675934,1,0.5485155116409394,1
2022-08-26,0,0.4439818167141941,0,0.36733916,0,0.36439393688996663,0
2022-08-29,1,0.4639855674090275,0,0.60835385,1,0.27781180128959354,0
2022-08-30,0,0.5213290876465415,1,0.66641486,1,0.5422222218200551,1
2022-08-31,0,0.5049472241459494,1,0.82771903,1,0.537759926978213,1
2022-09-05,0,0.461707871573254,0,0.54673904,1,0.40648152952431604,0
2022-09-06,0,0.40924082273125234,0,0.45611054,0,0.30141778524881696,0
2022-09-07,0,0.5370786489895274,1,0.71197397,1,0.520119104072504,1
2022-09-08,1,0.4969816742699887,0,0.6966832,1,0.4447558880325494,0
2022-09-09,0,0.5946234014914424,1,0.7567902,1,0.4786134916768901,0
2022-09-12,0,0.5766605481079197,1,0.5510679,1,0.6017443447530599,1
2022-09-13,0,0.4626390104057459,0,0.4903664,0,0.40372582257294665,0
2022-09-14,1,0.516083655207915,1,0.7069678,1,0.46273645198386054,0
2022-09-15,0,0.5534793945634894,1,0.7343757,1,0.5474360752067792,1
2022-09-16,0,0.5157184561767032,1,0.5104203,1,0.36487374589665006,0
2022-09-19,1,0.5386752307237249,1,0.7416171,1,0.48547772343675605,0
2022-09-20,0,0.5477707531668421,1,0.5422452,1,0.4708380155566179,0
2022-09-21,1,0.46807010318892567,0,0.42672318,0,0.4154251068031256,0
2022-09-22,0,0.4758702180014613,0,0.5394146,1,0.34960490083584583,0
2022-09-23,0,0.39690261476874455,0,0.18784854,0,0.23810418356158713,0
2022-09-26,0,0.4341549286711533,0,0.36887345,0,0.329230549715375,0
2022-09-27,0,0.48545422820954587,0,0.5646641,1,0.41692259081163907,0
2022-09-28,0,0.4740720361259515,0,0.65846086,1,0.6025434849526832,1
2022-09-29,1,0.5045650542412594,1,0.5592992,1,0.65974647033763,1
2022-09-30,0,0.47628614020286175,0,0.29905042,0,0.5172905224382999,1
2022-10-03,0,0.5379297257888451,1,0.6599731,1,0.8202130327592886,1
2022-10-04,1,0.5875924026405823,1,0.85580873,1,0.669257950713256,1
2022-10-05,0,0.6131056360134853,1,0.8846942,1,0.6688131913648647,1
2022-10-06,0,0.45428594455151067,0,0.35722357,0,0.4731524498707488,0
2022-10-07,1,0.4042193268196903,0,0.16944984,0,0.2242462896609259,0
2022-10-10,0,0.44357023498513426,0,0.23559111,0,0.3797939849493848,0
2022-10-11,1,0.4845630226196997,0,0.61559236,1,0.4890819382588692,0
2022-10-12,1,0.5417265449085591,1,0.737527,1,0.437916294673076,0
2022-10-13,1,0.5766435408082019,1,0.65776926,1,0.5697909086162978,1
2022-10-14,0,0.5394006885246813,1,0.4784395,0,0.4461336550512408,0
2022-10-17,1,0.5266157157534447,1,0.46117097,0,0.4119543254913557,0
2022-10-18,0,0.5795396452817443,1,0.72032845,1,0.5565695389644225,1
2022-10-19,0,0.5408456695879393,1,0.5681255,1,0.5550289492281609,1
2022-10-20,0,0.5011959534944183,1,0.53280526,1,0.5111368380623673,1
2022-10-21,0,0.5246869315371913,1,0.6430172,1,0.51655055955918,1
2022-10-24,1,0.5415871761728727,1,0.73565495,1,0.6777812847035255,1
2022-10-25,0,0.5505815625999718,1,0.56101567,1,0.7224369850829151,1
2022-10-26,1,0.618881082535476,1,0.862358,1,0.8201194195669195,1
2022-10-27,0,0.5335127540638149,1,0.49734443,0,0.7098783726602608,1
2022-10-28,0,0.5567589287934284,1,0.71881616,1,0.6625635669586141,1
2022-10-31,1,0.5752639871368477,1,0.77964586,1,0.7308219013414667,1
2022-11-01,0,0.5049340698005191,1,0.57228756,1,0.6522019943278304,1
2022-11-02,0,0.5386263756753948,1,0.8122286,1,0.7240273220429084,1
2022-11-03,0,0.516795221119038,1,0.67740923,1,0.7019816598243049,1
2022-11-04,0,0.4807376019229462,0,0.47555017,0,0.654817321698387,1
2022-11-07,1,0.5958317539793159,1,0.80041134,1,0.8121891180261214,1
2022-11-08,1,0.5036881138900298,1,0.49390838,0,0.6587353510602691,1
2022-11-09,0,0.577501637613801,1,0.79164773,1,0.7273516785204712,1
2022-11-10,1,0.48612568234368275,0,0.3240094,0,0.7767587410171325,1
2022-11-11,0,0.5935108483393825,1,0.8376936,1,0.5837553010779984,1
2022-11-14,0,0.5175788857096038,1,0.5620426,1,0.7436938968105549,1
2022-11-15,1,0.5181635251628052,1,0.6593494,1,0.7089139658750444,1
2022-11-16,1,0.5579419978080878,1,0.5525814,1,0.7400234341478756,1
2022-11-17,0,0.5967490789464898,1,0.66069037,1,0.8079765804761647,1
2022-11-18,0,0.5585430707814095,1,0.48214763,0,0.7045284909959745,1
2022-11-21,0,0.5531677006583917,1,0.6355852,1,0.6354231052070399,1
2022-11-22,0,0.5411434002064891,1,0.6005336,1,0.6662620834770371,1
2022-11-23,1,0.5965304399798196,1,0.819839,1,0.8021766285577036,1
2022-11-24,1,0.5442361229463664,1,0.6773948,1,0.8198365574873647,1
2022-11-25,1,0.5882607637946241,1,0.7303248,1,0.8402970211327999,1
2022-11-28,1,0.5820531477192487,1,0.6802273,1,0.8674594737664254,1
2022-11-29,1,0.6441236570289637,1,0.78595716,1,0.8362935063929599,1
2022-11-30,0,0.6401281265785352,1,0.72144586,1,0.8732483037118197,1
2022-12-01,1,0.6367387241224766,1,0.6638391,1,0.7923608146191438,1
2022-12-02,1,0.6594615650300162,1,0.8347241,1,0.8731221517397939,1
2022-12-05,0,0.5714076688317283,1,0.54130363,1,0.8505811762634392,1
2022-12-06,0,0.571925494786239,1,0.7324207,1,0.6717818918064006,1
2022-12-07,1,0.5658636154703472,1,0.7639162,1,0.5485517602956315,1
2022-12-08,1,0.6064975206071758,1,0.81611186,1,0.7572251304957759,1
2022-12-09,0,0.585946126220946,1,0.69148344,1,0.7232031166376649,1
2022-12-12,1,0.5140759732179356,1,0.76595604,1,0.6869338553015867,1
2022-12-13,1,0.6250584114674426,1,0.71613646,1,0.7552260236014541,1
2022-12-14,1,0.6591000256259555,1,0.84909874,1,0.8106993818864332,1
2022-12-15,0,0.4998522361129983,0,0.36810663,0,0.5198808621215396,1
2022-12-16,0,0.5209724574436916,1,0.47769603,0,0.3755874751160931,0
2022-12-19,0,0.5473479751212201,1,0.70991766,1,0.6608004501876061,1
2022-12-20,0,0.5253521996694296,1,0.88267875,1,0.5887562834198281,1
2022-12-21,1,0.5717767072641557,1,0.8265331,1,0.7005830275734736,1
2022-12-22,0,0.4640446514896671,0,0.3897617,0,0.5152460097169609,1
2022-12-23,0,0.5140643391664254,1,0.7847856,1,0.6363137171993881,1
2022-12-26,1,0.5517685641152895,1,0.7534543,1,0.8644205819667365,1
2022-12-27,1,0.529992672327296,1,0.5944527,1,0.7150130168334915,1
2022-12-28,0,0.5688299747726202,1,0.72190696,1,0.7730365929683118,1
2022-12-29,0,0.5720983992338884,1,0.68826514,1,0.7131673089630794,1
2022-12-30,1,0.5430873050140296,1,0.70741594,1,0.6648283352984851,1
2023-01-03,1,0.5581145393880275,1,0.60800767,1,0.7538884308599069,1
2023-01-04,1,0.5552229509657961,1,0.56221884,1,0.7601429127091189,1
2023-01-05,0,0.5379306399615783,1,0.5071024,1,0.6165355565598681,1
2023-01-06,1,0.5531985468790697,1,0.6795974,1,0.5183406703765564,1
2023-01-09,0,0.6291357585031391,1,0.873242,1,0.7886279164928516,1
2023-01-10,1,0.6010449950808724,1,0.86646456,1,0.7676998463148453,1
2023-01-11,0,0.5109766598727148,1,0.5080017,1,0.6105650355273811,1
2023-01-12,1,0.5676926039772087,1,0.6484201,1,0.8022553308350866,1
2023-01-13,1,0.5540612409952513,1,0.5752136,1,0.6922638622635023,1
2023-01-16,1,0.5428126956926251,1,0.50307894,1,0.6901416312223099,1
2023-01-17,1,0.5723036002253958,1,0.623924,1,0.5732685037880846,1
2023-01-18,1,0.5258896550278315,1,0.45900208,0,0.4708718761881418,0
2023-01-19,1,0.4923317829902397,0,0.47318625,0,0.545604398692403,1
2023-01-27,0,0.5514669004989288,1,0.5160783,1,0.6319783544043873,1
2023-01-30,1,0.5202189618818848,1,0.6035116,1,0.6133894750915672,1
2023-01-31,0,0.5469506785393219,1,0.66705066,1,0.6621950930834231,1
2023-02-01,1,0.5918371097629136,1,0.7071439,1,0.8272502833783306,1
2023-02-02,0,0.5647255738520718,1,0.594961,1,0.5562664556726917,1
2023-02-03,1,0.5569413323368968,1,0.6630726,1,0.6121625822258316,1
2023-02-06,0,0.5160602522122923,1,0.68364906,1,0.5369871666806928,1
2023-02-07,1,0.5697892175592046,1,0.7459478,1,0.629134014780129,1
2023-02-08,0,0.5307075827383448,1,0.7061264,1,0.5076207016633236,1
2023-02-09,0,0.5134654755489888,1,0.70739514,1,0.4580946541539625,0
2023-02-10,0,0.4925927530183919,0,0.7288231,1,0.46976196827012323,0
2023-02-13,0,0.5085508917827556,1,0.57412434,1,0.587882855230219,1
2023-02-14,1,0.5603301040806169,1,0.71545,1,0.735276928727238,1
2023-02-15,1,0.49626388777835523,0,0.44532695,0,0.5919054421254276,1
2023-02-16,0,0.4341278863316913,0,0.509872,1,0.4006008953385531,0
2023-02-17,1,0.4550185902645281,0,0.40139216,0,0.38823477510181353,0
2023-02-20,0,0.5405702855905903,1,0.6068461,1,0.5269897841173276,1
2023-02-21,0,0.4521287926419091,0,0.43432003,0,0.4188269639802208,0
2023-02-22,0,0.48491558233903853,0,0.4720718,0,0.45987389790698346,0
2023-02-23,0,0.4580669680954552,0,0.25537556,0,0.44127187416427494,0
2023-02-24,0,0.48642128672363044,0,0.56855166,1,0.48843899966616705,0
2023-02-27,1,0.5633560757893842,1,0.7822125,1,0.7049841818962527,1
2023-02-28,1,0.5280719017382931,1,0.7088879,1,0.7183302977829874,1
2023-03-01,0,0.5472625236940213,1,0.62253165,1,0.6446683448693545,1
2023-03-02,0,0.5544487998022877,1,0.76382494,1,0.5906548767739201,1
2023-03-03,1,0.5200235845426011,1,0.6612183,1,0.49141182509402914,0
2023-03-06,1,0.5348907990995816,1,0.6238349,1,0.5048500652526483,1
2023-03-07,1,0.48956563971975225,0,0.40081096,0,0.4051749020933218,0
2023-03-08,1,0.5095326789576559,1,0.48446038,0,0.3533258839584996,0
2023-03-09,0,0.40251363901405524,0,0.12139966,0,0.21547578411831667,0
2023-03-10,0,0.4081816460447809,0,0.2191745,0,0.30027171275383285,0
2023-03-13,0,0.5073888914677922,1,0.68136704,1,0.38004451117521193,0
2023-03-14,1,0.5935310344915131,1,0.8685288,1,0.634611327439705,1
2023-03-15,0,0.48775218418374827,0,0.43615338,0,0.37174187499758454,0
2023-03-16,0,0.5298245540798502,1,0.38376063,0,0.6447629339529672,1
2023-03-17,0,0.44572421333283796,0,0.38901654,0,0.24605332726949847,0
2023-03-20,1,0.5713215307043655,1,0.7833789,1,0.6778896536374064,1
2023-03-21,1,0.6119276412663208,1,0.75392705,1,0.6370492649733462,1
2023-03-22,1,0.5198375093436521,1,0.5321046,1,0.5209205579441057,1
2023-03-23,1,0.45735937471913685,0,0.3408572,0,0.36138337770357953,0
2023-03-24,1,0.5872461569572001,1,0.68741053,1,0.49539877081947836,0
2023-03-27,1,0.5518467902575411,1,0.7537317,1,0.5468844551334011,1
2023-03-28,1,0.5690298356668592,1,0.8124386,1,0.44735566688101236,0
2023-03-29,1,0.5455470104473797,1,0.5781446,1,0.46073949793808183,0
2023-03-30,1,0.5487344959288387,1,0.653984,1,0.4545441610519768,0
2023-03-31,1,0.5831829605463104,1,0.7271842,1,0.42803416443340186,0
2023-04-03,0,0.5078228213291964,1,0.42497247,0,0.4096848570934808,0
2023-04-04,1,0.5344927947276468,1,0.61241907,1,0.44367000537088264,0
2023-04-05,0,0.48786507300814946,0,0.4580164,0,0.47266445902697696,0
2023-04-06,0,0.48774998434778716,0,0.58469886,1,0.3277724951657332,0
2023-04-07,0,0.5177629989298543,1,0.6329993,1,0.3839597652445738,0
2023-04-10,1,0.4904819881473127,0,0.48805964,0,0.4787375612768167,0
2023-04-11,0,0.5287541142534082,1,0.6560545,1,0.536377171545342,1
2023-04-12,0,0.5352741120165184,1,0.4824117,0,0.5624727629384734,1
2023-04-13,0,0.5046186589049925,1,0.60387844,1,0.5765222831997381,1
2023-04-14,0,0.6059157708749794,1,0.79893124,1,0.6484350756218451,1
2023-04-17,1,0.5157641264924238,1,0.7334477,1,0.4526811479494863,0
2023-04-18,0,0.513207056474542,1,0.5348685,1,0.5395756579333607,1
2023-04-19,0,0.5357658708691808,1,0.71340823,1,0.5155508200325521,1
2023-04-20,0,0.45622410264765684,0,0.36209685,0,0.34824586009394914,0
2023-04-21,0,0.43373366618708104,0,0.44860372,0,0.31881899009694487,0
2023-04-24,0,0.538462290424487,1,0.76550674,1,0.41853019046399814,0
2023-04-25,1,0.5115804879605683,1,0.6521512,1,0.5402178034121606,1
2023-04-26,0,0.47525883140372777,0,0.58426136,1,0.550131522757649,1
2023-04-27,1,0.5225035277250427,1,0.6226947,1,0.5932127361757895,1
2023-04-28,0,0.5894321308743532,1,0.7939043,1,0.6102810639011684,1
2023-05-04,0,0.470637600876085,0,0.49467066,0,0.2370036694904566,0
2023-05-05,1,0.5141894860970141,1,0.65898794,1,0.6104772089615154,1
2023-05-08,0,0.5142111169248142,1,0.4982297,0,0.5513473604690464,1
2023-05-09,1,0.4553936290648508,0,0.44858885,0,0.5291930680436628,1
2023-05-10,0,0.43126686084404564,0,0.2669167,0,0.47019131673341374,0
2023-05-11,1,0.48600322736063256,0,0.5601926,1,0.4173931391910901,0
2023-05-12,0,0.4747308299107484,0,0.5260256,1,0.39110238360836436,0
2023-05-15,0,0.4846540269450095,0,0.5832131,1,0.4417590695514898,0
2023-05-16,0,0.4430190835944482,0,0.5268692,1,0.46432436396503546,0
2023-05-17,1,0.4350155454359817,0,0.5991643,1,0.514713839167802,1
2023-05-18,0,0.4889059495353825,0,0.53585136,1,0.494498219520123,0
2023-05-19,1,0.40921514634180656,0,0.48454422,0,0.3481648833563427,0
2023-05-22,0,0.46601434699472766,0,0.4208547,0,0.41039221606758697,0
2023-05-23,0,0.4214403603623588,0,0.3622308,0,0.44083740315780107,0
2023-05-24,1,0.36583653595257276,0,0.31045988,0,0.3257924052936666,0
2023-05-25,0,0.3814202746569028,0,0.20258781,0,0.5588091147350284,1
2023-05-26,1,0.4475998066458812,0,0.4094068,0,0.5724977401227154,1
2023-05-29,1,0.47106944705594195,0,0.63750684,1,0.6190824745661849,1
2023-05-30,0,0.49973564056551745,0,0.7284238,1,0.6527939452590626,1
2023-05-31,1,0.4495686631740071,0,0.59791124,1,0.5104959480556946,1
2023-06-01,1,0.451317804078754,0,0.50154805,1,0.432749257805317,0
2023-06-02,1,0.5264745792058847,1,0.42560646,0,0.36924336401563734,0
2023-06-05,1,0.47510451377627677,0,0.47275504,0,0.439871685129491,0
2023-06-06,1,0.46871426193320254,0,0.71730536,1,0.46349312744826004,0
2023-06-07,0,0.4949950282937501,0,0.5541396,1,0.3833269204739265,0
2023-06-08,1,0.4515685090470962,0,0.5944182,1,0.2402880753752354,0
2023-06-09,1,0.5565742736705168,1,0.6026462,1,0.3089831159267012,0
2023-06-12,1,0.4635625877903996,0,0.39324585,0,0.3521826026521296,0
2023-06-13,0,0.5114540478586425,1,0.4758942,0,0.4932423309296433,0
2023-06-14,0,0.5822719673061901,1,0.7411595,1,0.47136279538890763,0
2023-06-15,0,0.5276445646550165,1,0.49824262,0,0.377425338002766,0
2023-06-16,0,0.5934503748599015,1,0.68016684,1,0.42231413400856715,0
2023-06-19,1,0.4875721715470587,0,0.62293905,1,0.524709735249016,1
2023-06-20,1,0.4702168516952229,0,0.49847344,0,0.5566268034880316,1
2023-06-21,1,0.4689789906618044,0,0.41964853,0,0.5795084593470011,1
2023-06-22,1,0.43125082433138173,0,0.22911136,0,0.3704976577058007,0
2023-06-23,1,0.43166077909964734,0,0.35908332,0,0.35470590968026866,0
2023-06-26,1,0.40105398847452567,0,0.40362823,0,0.47142311334422865,0
2023-06-27,1,0.48533743234068044,0,0.6773739,1,0.6127659989721689,1
2023-06-28,0,0.48967979809381185,0,0.5399291,1,0.567107702053362,1
2023-06-29,0,0.5059627860415002,1,0.42338756,0,0.4465294228458777,0
2023-06-30,1,0.5180414961637799,1,0.53628457,1,0.42582463597251363,0
2023-07-03,1,0.5161142136964622,1,0.62261754,1,0.5560137811543191,1
2023-07-04,1,0.4976717499510269,0,0.46916026,0,0.5512403912843277,1
2023-07-05,0,0.4323037954199029,0,0.3909818,0,0.4726550331683092,0
2023-07-06,1,0.4755716476783837,0,0.58697486,1,0.32749219138924535,0
2023-07-07,1,0.45973403325474493,0,0.4615912,0,0.47965890720127685,0
2023-07-10,1,0.5240886571060618,1,0.43938774,0,0.5098723788252286,1
2023-07-11,1,0.5720364065653996,1,0.644806,1,0.5527461791781094,1
2023-07-12,1,0.5753094175226862,1,0.4568073,0,0.6867845900015843,1
2023-07-13,1,0.5979882669890983,1,0.53525054,1,0.6035351955651801,1
2023-07-14,1,0.6172184069578711,1,0.70068413,1,0.5312727195401705,1
2023-07-17,0,0.5184723912012014,1,0.5076723,1,0.4726583321740023,0
2023-07-18,0,0.5106453463098727,1,0.43315312,0,0.5855165449979369,1
2023-07-19,0,0.5295246754589267,1,0.48678488,0,0.490536056038904,0
2023-07-20,1,0.43184691988743074,0,0.22669801,0,0.43468636480610834,0
2023-07-21,1,0.42135591423252095,0,0.44156945,0,0.28772395055778277,0
2023-07-24,1,0.45976624628883644,0,0.33304536,0,0.42066666019681165,0
2023-07-25,1,0.46536064754927037,0,0.3310321,0,0.517708451960448,1
2023-07-26,0,0.5109864016649055,1,0.593958,1,0.6240479857680707,1
2023-07-27,1,0.4924626362542234,0,0.56823355,1,0.38721797998536045,0
2023-07-28,1,0.474662688692343,0,0.6269953,1,0.5343288619359979,1
2023-07-31,0,0.5272850699632733,1,0.717559,1,0.6855929934981024,1
2023-08-01,1,0.5273779198878155,1,0.7147395,1,0.6454071052173259,1
2023-08-02,0,0.4470280222980769,0,0.42374274,0,0.4061316943605764,0
2023-08-03,1,0.4212334987035931,0,0.3347697,0,0.4801865146124252,0
2023-08-04,1,0.45244773213410167,0,0.32492635,0,0.4225415734616681,0
2023-08-07,0,0.5144794387388866,1,0.66468596,1,0.6993763865546805,1
2023-08-08,0,0.4655064165031942,0,0.29385152,0,0.6568681106359062,1
2023-08-09,0,0.4720567663350937,0,0.43711394,0,0.6076308680028077,1
2023-08-10,1,0.4783074493537907,0,0.5387353,1,0.4990108904103706,0
2023-08-11,1,0.5515966763486728,1,0.6669587,1,0.6133759262014916,1
2023-08-14,0,0.48443257687463936,0,0.4905148,0,0.6095776438684237,1
2023-08-15,1,0.4248006722764519,0,0.23695064,0,0.5461030109217211,1
2023-08-16,0,0.39463373725077844,0,0.23142461,0,0.547260825118884,1
2023-08-17,0,0.3962991389019266,0,0.40698725,0,0.39841807404195806,0
2023-08-18,1,0.44100840934016994,0,0.3454631,0,0.43121902358030423,0
2023-08-21,0,0.5147824221032646,1,0.6315737,1,0.4796021345486141,0
2023-08-22,0,0.5164099166661305,1,0.5508198,1,0.6771640716589578,1
2023-08-23,1,0.5271903523494744,1,0.58386755,1,0.5956909563043935,1
2023-08-24,0,0.45391626241128125,0,0.39064568,0,0.3916065564741146,0
2023-08-25,1,0.4444279619246114,0,0.494621,0,0.5967106203263376,1
2023-08-28,1,0.5330108308028823,1,0.6468706,1,0.6870054210863638,1
2023-08-29,1,0.5746832245237052,1,0.7574024,1,0.700607522916351,1
2023-08-30,1,0.5727787663729368,1,0.7827382,1,0.746313946682308,1
2023-08-31,1,0.5946170002960598,1,0.8127655,1,0.6629900922519968,1
2023-09-05,1,0.4206674409686575,0,0.2210923,0,0.3973349934824169,0
2023-09-06,0,0.4611759623798059,0,0.47593707,0,0.37787460625291963,0
2023-09-07,0,0.37859865423243805,0,0.31070718,0,0.2819825567754785,0
2023-09-08,0,0.36649917089968215,0,0.19716337,0,0.3324812542159704,0
2023-09-11,1,0.4962103293518272,0,0.57534856,1,0.4539616371614563,0
2023-09-12,0,0.5475307480031006,1,0.6848996,1,0.488308619483444,0
2023-09-13,0,0.4767448841680803,0,0.52714217,1,0.472947212549137,0
2023-09-14,1,0.48574567898966875,0,0.41716993,0,0.45152971804953157,0
2023-09-15,0,0.4312493231130129,0,0.27899128,0,0.37945739306205195,0
2023-09-18,0,0.4484558623613774,0,0.5518703,1,0.49529241495444853,0
2023-09-19,1,0.5412911674623685,1,0.7251932,1,0.5777204373628255,1
2023-09-20,0,0.4385480460046289,0,0.32479605,0,0.4520217502463439,0
2023-09-21,0,0.4197292438189256,0,0.42860425,0,0.35971707972708367,0
2023-09-22,0,0.4227929876886657,0,0.3725922,0,0.3158705032587462,0
2023-09-25,0,0.5408451513990824,1,0.62149054,1,0.8475616545378896,1
2023-09-26,1,0.5289186055923046,1,0.43186483,0,0.6451758006905854,1
2023-09-27,0,0.506409559049215,1,0.64239454,1,0.43012847741724713,0
2023-09-28,1,0.5481019343355521,1,0.6715844,1,0.6673194366990488,1
2023-09-29,0,0.48712820473022284,0,0.51987374,1,0.4159651918910172,0
2023-10-02,0,0.4428409059537248,0,0.49202135,0,0.5828131181288081,1
2023-10-03,1,0.48670723816405426,0,0.6620486,1,0.6619984457983334,1
2023-10-04,0,0.48497422171679927,0,0.6452795,1,0.5003341022998109,1
2023-10-05,1,0.4944051994771602,0,0.4392502,0,0.6637021421871931,1
2023-10-06,1,0.4948368194310527,0,0.33345073,0,0.32720508387737535,0
2023-10-09,1,0.543250508094688,1,0.5769281,1,0.3528188789697247,0
2023-10-10,1,0.5082791678117429,1,0.68775725,1,0.3943911847475334,0
2023-10-11,0,0.5806586980181744,1,0.6908416,1,0.5095938413554574,1
2023-10-12,1,0.47935354360049576,0,0.49048752,0,0.35183250100932295,0
2023-10-13,0,0.36840361315607995,0,0.24698597,0,0.3447506008753815,0
2023-10-16,0,0.4968423232622484,0,0.6989336,1,0.7826390404890794,1
2023-10-17,0,0.505347480187001,1,0.7109766,1,0.44317068439993085,0
2023-10-18,0,0.48264741023015584,0,0.49398127,0,0.44940789662948516,0
2023-10-19,1,0.4987286695687814,0,0.6084224,1,0.3379693654487629,0
2023-10-20,0,0.45301993730207385,0,0.24284308,0,0.21406352364608625,0
2023-10-23,1,0.49139966201287727,0,0.5120192,1,0.6441270817527448,1
2023-10-24,0,0.5108783866897892,1,0.5085614,1,0.33906385207933354,0
2023-10-25,0,0.46541236252724494,0,0.5031903,1,0.3794653684524928,0
2023-10-26,1,0.467358242332409,0,0.37488982,0,0.5723427532207007,1
2023-10-27,0,0.45889112493301354,0,0.46287078,0,0.20718448899632072,0
2023-10-30,0,0.5331774610658223,1,0.6075601,1,0.8013786131833944,1
2023-10-31,1,0.6051055128667281,1,0.7895221,1,0.663982553694274,1
2023-11-01,1,0.5388296528921356,1,0.57925135,1,0.5791883407616824,1
2023-11-02,1,0.526007567980184,1,0.65655804,1,0.2728123336712608,0
2023-11-03,1,0.5579454468057197,1,0.65187216,1,0.5562942027038381,1
2023-11-06,0,0.5263760048917909,1,0.41255155,0,0.37105248394495216,0
2023-11-07,1,0.5442968023908482,1,0.7281655,1,0.5737664978783013,1
2023-11-08,0,0.5918283229219422,1,0.7227191,1,0.47822928300011375,0
2023-11-09,0,0.5587641489190082,1,0.70227396,1,0.42519134468857245,0
2023-11-10,0,0.44324446722180083,0,0.38033557,0,0.5647842693935783,1
2023-11-13,1,0.53583015877508,1,0.50625056,1,0.5049377859704477,1
2023-11-14,1,0.5995402327128194,1,0.71471417,1,0.4917034446860323,0
2023-11-15,1,0.5898340558834504,1,0.6340752,1,0.43758856285394426,0
2023-11-16,0,0.5243283129497311,1,0.5993454,1,0.5029997887711882,1
2023-11-17,1,0.5894437471507149,1,0.7994092,1,0.5887152151051142,1
2023-11-20,1,0.5845780204559131,1,0.6470943,1,0.6612045697791312,1
2023-11-21,1,0.5888568517187827,1,0.76471895,1,0.6134619325685313,1
2023-11-22,0,0.5215500842643721,1,0.6638146,1,0.466495239789415,0
2023-11-23,1,0.5504343404912055,1,0.670009,1,0.529639892423132,1
2023-11-24,0,0.5426250602656982,1,0.5748024,1,0.4502435987088988,0
2023-11-27,1,0.620605255143122,1,0.8160706,1,0.6937737778492674,1
2023-11-28,1,0.6030807352377434,1,0.9096098,1,0.49598297276878744,0
2023-11-29,0,0.6267331881002639,1,0.79257864,1,0.5014044515641811,1
2023-11-30,1,0.6106212199839479,1,0.7999956,1,0.6001969458435482,1
2023-12-01,1,0.5664765411363184,1,0.7559979,1,0.4751522983593108,0
2023-12-04,0,0.5655126742820346,1,0.54260015,1,0.5254210258112872,1
2023-12-05,1,0.4926087732212841,0,0.68334657,1,0.6008729030925177,1
2023-12-06,0,0.4757255582244367,0,0.44375482,0,0.34598107484897767,0
2023-12-07,1,0.4583880141183884,0,0.2845251,0,0.5120037900155895,1
2023-12-08,0,0.5381022916935744,1,0.4078883,0,0.5085830119232739,1
2023-12-11,1,0.5302186935121698,1,0.7399816,1,0.4881327230515999,0
2023-12-12,0,0.5160693024207549,1,0.6851789,1,0.5416302147400524,1
2023-12-13,0,0.5598825800211533,1,0.70113975,1,0.704532901144538,1
2023-12-14,0,0.5971862865132288,1,0.7842428,1,0.6926804986479452,1
2023-12-15,0,0.5730715613414515,1,0.69102216,1,0.5995677578487016,1
2023-12-18,1,0.5028536948293666,1,0.5944879,1,0.7095184814154605,1
2023-12-19,1,0.5674314891568507,1,0.7934153,1,0.6416318082555253,1
2023-12-20,1,0.4948774940379954,0,0.54969615,1,0.2065348830180477,0
2023-12-21,0,0.4508031122857453,0,0.53599304,1,0.3228163265721051,0
2023-12-22,1,0.5424275557660249,1,0.6712516,1,0.3815305920187024,0
2023-12-25,1,0.6120908451616276,1,0.8562203,1,0.6215169528724223,1
2023-12-26,0,0.5884916169949184,1,0.86223954,1,0.7986341965494014,1
2023-12-27,1,0.5824655192229354,1,0.8223783,1,0.7257884089882612,1
2023-12-28,0,0.6270990475077645,1,0.84639096,1,0.6424752334578615,1
2023-12-29,1,0.5424015093566875,1,0.6809335,1,0.4963516312972186,0
2024-01-02,1,0.4430819710263763,0,0.43572494,0,0.691128145405538,1
2024-01-03,1,0.42175535936146574,0,0.41738197,0,0.44563833178070694,0
2024-01-04,1,0.48354599593165876,0,0.57865566,1,0.48966463949321265,0
2024-01-05,1,0.4311174016383146,0,0.46889675,0,0.5809890616765,1
2024-01-08,0,0.5047122435910596,1,0.4922665,0,0.5381588094148849,1
2024-01-09,1,0.49158699370760267,0,0.4435626,0,0.5712508828715568,1
2024-01-10,0,0.5155197205109094,1,0.49796128,0,0.5197786703507948,1
2024-01-11,0,0.5341552011211456,1,0.54009813,1,0.46097698898893147,0
2024-01-12,0,0.5256022204102259,1,0.663575,1,0.45508691967101766,0
2024-01-15,1,0.5729593318855711,1,0.7792243,1,0.5742194582467779,1
2024-01-16,0,0.537296656808496,1,0.65301234,1,0.4599818907439032,0
2024-01-17,1,0.46250093344723836,0,0.593371,1,0.4050069025772109,0
2024-01-18,1,0.4739317710116416,0,0.5672023,1,0.3535731190551593,0
2024-01-19,1,0.5549732218748332,1,0.6191079,1,0.2258655243724468,0
2024-01-22,0,0.5127381248350885,1,0.49442738,0,0.5301377321567187,1
2024-01-23,0,0.5095212013664346,1,0.61323136,1,0.5538038275327355,1
2024-01-24,0,0.4620496892916972,0,0.51451844,1,0.4809560081584446,0
2024-01-25,1,0.5264490721486647,1,0.64271045,1,0.5772598216925598,1
2024-01-26,0,0.5236122417923847,1,0.7835148,1,0.5517311710338934,1
2024-01-29,1,0.49098439102679287,0,0.6750802,1,0.5654709531278385,1
2024-01-30,0,0.5316068327198827,1,0.76250744,1,0.6381982718503485,1
2024-01-31,1,0.5583586956447131,1,0.8455733,1,0.7298023495586019,1
2024-02-01,0,0.5233757958634765,1,0.7004761,1,0.706402295157773,1
2024-02-02,1,0.52788723245724,1,0.4506939,0,0.7186337842105597,1
2024-02-05,1,0.5030601114636875,1,0.53710085,1,0.7238075821582524,1
2024-02-06,1,0.4930162752971887,0,0.69305176,1,0.7456887549570788,1
2024-02-07,1,0.5767980034633718,1,0.7770683,1,0.7115691297255964,1
2024-02-15,1,0.5282304959052596,1,0.6502454,1,0.596582884690772,1
2024-02-16,1,0.5883365595189172,1,0.79738015,1,0.633270305046188,1
2024-02-19,1,0.5222867485424452,1,0.59358454,1,0.8042199722908369,1
2024-02-20,0,0.5094367030278122,1,0.5724702,1,0.7608916042303039,1
2024-02-21,0,0.4835092694895054,0,0.59559226,1,0.49655733895829685,0
2024-02-22,0,0.4600278910466898,0,0.553495,1,0.508154137876898,1
2024-02-23,1,0.5697338377452392,1,0.7194666,1,0.7237282058448385,1
2024-02-26,1,0.6023655996392936,1,0.8067766,1,0.6276746062569492,1
2024-02-27,1,0.5677518420037926,1,0.71079594,1,0.7051492515734098,1
2024-02-28,0,0.5615542412909729,1,0.70080334,1,0.6478345936037415,1
2024-02-29,1,0.5345746268991689,1,0.62334925,1,0.6972891842049356,1
2024-03-01,1,0.544200426502534,1,0.5826081,1,0.6973729175301536,1
2024-03-04,1,0.6001209722603392,1,0.6627449,1,0.716295592001497,1
2024-03-05,0,0.49656593050094805,0,0.579612,1,0.5701779761484244,1
2024-03-06,1,0.517691104813227,1,0.6463428,1,0.6963387217032642,1
2024-03-07,0,0.5925187913985686,1,0.69023395,1,0.7079532479863987,1
2024-03-08,0,0.6272391979892137,1,0.823443,1,0.7019209085225558,1
2024-03-11,1,0.516186979088895,1,0.6460184,1,0.7053721280173973,1
2024-03-12,1,0.5866228882155654,1,0.7836153,1,0.5983967096596241,1
2024-03-13,0,0.5782899548086652,1,0.72940546,1,0.47941442790377725,0
2024-03-14,0,0.5142265835799352,1,0.50265455,1,0.5664510661413021,1
2024-03-15,0,0.47821777822515676,0,0.45295057,0,0.5555674610046168,1
2024-03-18,0,0.4608076797230714,0,0.5832508,1,0.7130349460153217,1
2024-03-19,1,0.584303469759429,1,0.7944967,1,0.624499640620036,1
2024-03-20,1,0.5802212220799998,1,0.8365612,1,0.4557637684452281,0
2024-03-21,1,0.5296803805892475,1,0.48150098,0,0.5009523247717347,1
2024-03-22,0,0.5309634484134758,1,0.43767744,0,0.453194366159359,0
2024-03-25,1,0.5631168918447316,1,0.82162446,1,0.8077550138799973,1
2024-03-26,0,0.5469397023126207,1,0.6732879,1,0.7539189481696519,1
2024-03-27,1,0.54879916466146,1,0.7013831,1,0.7171075839850617,1
2024-03-28,0,0.5158009500701797,1,0.47769272,0,0.6739189029337063,1
2024-03-29,0,0.5639617395443107,1,0.56648415,1,0.7064170122132838,1
2024-04-01,1,0.5213610294580016,1,0.59555763,1,0.7441148009745755,1
2024-04-02,0,0.5034073443895726,1,0.6450545,1,0.6981205626011768,1
2024-04-03,0,0.4997219896738044,0,0.7346724,1,0.7515577021181697,1
2024-04-04,0,0.5015196449712309,1,0.45090503,0,0.5403183343765712,1
2024-04-05,0,0.4555795452313668,0,0.5801246,1,0.7315617392152028,1
2024-04-08,1,0.5532937089612827,1,0.62132764,1,0.675225831063214,1
2024-04-09,0,0.543476444755635,1,0.547701,1,0.5579446312243722,1
2024-04-10,0,0.5008094752036365,1,0.485061,0,0.4142709632808675,0
2024-04-11,1,0.44457470371957425,0,0.5788641,1,0.491902257436917,0
2024-04-12,0,0.4600025516990809,0,0.27159402,0,0.3276689516428291,0
2024-04-15,0,0.47337000290529546,0,0.51669407,1,0.6321263472821279,1
2024-04-16,0,0.49007516954697083,0,0.44957662,0,0.5572771284769599,1
2024-04-17,0,0.50942809171751,1,0.61760783,1,0.6970399109646458,1
2024-04-19,1,0.5237681236287087,1,0.6749768,1,0.6533130207657539,1
2024-04-22,0,0.5290833052128483,1,0.591443,1,0.565959283825694,1
2024-04-23,1,0.6278039871155973,1,0.8129482,1,0.8234210784239148,1
2024-04-24,0,0.5211156936268473,1,0.5788289,1,0.5462899846212641,1
2024-04-25,1,0.5967945593792864,1,0.8183114,1,0.7618530600974464,1
2024-04-26,1,0.4954348370843197,0,0.5207462,1,0.6409876135569662,1
2024-05-02,1,0.5895758200083482,1,0.66295457,1,0.8035901063059755,1
2024-05-03,1,0.6289683804744396,1,0.7640982,1,0.7875100637173189,1
2024-05-06,1,0.5906921259077142,1,0.65085083,1,0.7581526383975681,1
2024-05-07,1,0.5813732569972955,1,0.6356833,1,0.6785316806783996,1
2024-05-08,0,0.523612973956828,1,0.5461581,1,0.6105880928059787,1
2024-05-09,0,0.5162710047995861,1,0.41698632,0,0.5219820122613444,1
2024-05-10,0,0.5118721168082271,1,0.51856494,1,0.5094564380928457,1
2024-05-13,1,0.5023170067677188,1,0.4966539,0,0.5707804025253839,1
2024-05-14,1,0.5339951153616623,1,0.6999575,1,0.6453447783619496,1
2024-05-15,1,0.5654269688438229,1,0.6738152,1,0.6579748306013877,1
2024-05-16,1,0.5638554891603909,1,0.70299214,1,0.5163059446612565,1
2024-05-17,1,0.5050680709755977,1,0.5552901,1,0.4913957464721005,0
2024-05-20,0,0.5176592285552701,1,0.563852,1,0.5469851671815625,1
2024-05-21,0,0.4725955638879491,0,0.34387195,0,0.6801410190221985,1
2024-05-22,1,0.5122814106274163,1,0.52854055,1,0.5626721816911056,1
2024-05-23,0,0.5048401122065165,1,0.5747717,1,0.4712484597627561,0
2024-05-24,1,0.5232603878890653,1,0.6399975,1,0.7758172931128084,1
2024-05-27,1,0.5612504314734513,1,0.57024693,1,0.7567378873938492,1
2024-05-28,0,0.5535269383922378,1,0.67479354,1,0.7242015220708238,1
2024-05-29,0,0.5715323630067651,1,0.6641108,1,0.7211506735813775,1
2024-05-30,0,0.5489641126951299,1,0.7405618,1,0.764586521365353,1
2024-05-31,1,0.53218165401971,1,0.57945615,1,0.7793041508852283,1
2024-06-03,1,0.5480340409572082,1,0.57678545,1,0.7795717858554063,1
2024-06-04,0,0.5890130385205308,1,0.7762294,1,0.8100300118882708,1
2024-06-05,0,0.5686082505936592,1,0.7626002,1,0.8055996522524855,1
2024-06-06,1,0.5427309738345418,1,0.42260313,0,0.683275962998478,1
2024-06-07,1,0.5597690744401321,1,0.6173508,1,0.6146902725652797,1
2024-06-10,0,0.5478534850530437,1,0.7395688,1,0.6495949500634759,1
2024-06-11,1,0.5423993125033345,1,0.6015732,1,0.7054106438801772,1
2024-06-12,1,0.5669017029513534,1,0.627813,1,0.6939091049295127,1
2024-06-13,0,0.5855502086887491,1,0.7473905,1,0.5619982404220671,1
2024-06-14,0,0.5078532906519804,1,0.5296337,1,0.5777321813207332,1
2024-06-17,1,0.5429280325130008,1,0.6016459,1,0.6441022632444472,1
2024-06-18,0,0.541028829934029,1,0.5709252,1,0.6500672744598324,1
2024-06-19,1,0.5177994140650782,1,0.49025035,0,0.5130788375275441,1
2024-06-20,0,0.48587770943306247,0,0.3762801,0,0.42085347493085057,0
2024-06-21,0,0.48267695325110915,0,0.44821253,0,0.5090661886619712,1
2024-06-24,1,0.517236438905264,1,0.6183838,1,0.7084745950081398,1
2024-06-25,1,0.5286064781315403,1,0.7082697,1,0.6978153517361008,1
2024-06-26,0,0.5736296285155525,1,0.7734979,1,0.7120554802539082,1
2024-06-27,0,0.5612085741127204,1,0.7238731,1,0.7305294106284936,1
2024-06-28,1,0.5629757147973579,1,0.7461713,1,0.6970974331743127,1
2024-07-01,1,0.5119988997708618,1,0.6369336,1,0.6868215227752305,1
2024-07-02,1,0.5768522598987882,1,0.7641098,1,0.7484458876802875,1
2024-07-03,1,0.5596316473755755,1,0.58891314,1,0.6650811047171712,1
2024-07-04,1,0.5850060074586103,1,0.69494504,1,0.644032698567386,1
2024-07-05,0,0.5962003562830347,1,0.7272447,1,0.7368472491206763,1
2024-07-08,1,0.5510800734880287,1,0.63439876,1,0.6546501277304348,1
2024-07-09,0,0.5022093556895245,1,0.5693839,1,0.5756415868461617,1
2024-07-10,0,0.5431227198680771,1,0.65195185,1,0.5741551380820992,1
2024-07-11,0,0.5096317810323773,1,0.42171147,0,0.5732052428859483,1
2024-07-12,0,0.5315421362078897,1,0.698826,1,0.5906699149554454,1
2024-07-15,1,0.5251588390733307,1,0.60863376,1,0.6854070705998754,1
2024-07-16,0,0.5118205234538127,1,0.49848884,0,0.6666279533192269,1
2024-07-17,1,0.5427872590319903,1,0.6170454,1,0.6079768138035351,1
2024-07-18,0,0.46978011855261814,0,0.34378886,0,0.38155371627852397,0
2024-07-19,0,0.4624722233978157,0,0.44901395,0,0.4087414326056065,0
2024-07-22,0,0.49484061239117416,0,0.6485012,1,0.6901609715766899,1
2024-07-23,1,0.5644442749543394,1,0.70962226,1,0.7330787068769404,1
2024-07-24,0,0.445791438446948,0,0.38584733,0,0.39916636189368654,0
2024-07-25,1,0.5049001278826063,1,0.5861546,1,0.6554424673241711,1
2024-07-26,1,0.4830404129536484,0,0.6877125,1,0.6519630807370669,1
2024-07-29,0,0.5629770694201922,1,0.5603423,1,0.618378390143465,1
2024-07-30,1,0.5542689107310483,1,0.71196467,1,0.7563887308898709,1
2024-07-31,0,0.4850336066053937,0,0.5529575,1,0.5901422120929477,1
2024-08-01,1,0.5359140089850198,1,0.5714383,1,0.835073436211299,1
2024-08-02,0,0.45809186171295885,0,0.41806975,0,0.5539019878799163,1
2024-08-05,1,0.5431204237720733,1,0.6917545,1,0.39789802915480404,0
2024-08-06,1,0.4777609113329489,0,0.45765048,0,0.34213536508537534,0
2024-08-07,0,0.5146070221764603,1,0.45770168,0,0.4806108597542791,0
2024-08-08,1,0.43397705484938287,0,0.29404104,0,0.6139209398487594,1
2024-08-09,1,0.5410481210825103,1,0.57809323,1,0.649677830912929,1
2024-08-12,0,0.5793451559008935,1,0.68413687,1,0.5829818993942459,1
2024-08-13,0,0.6115178814519244,1,0.8005128,1,0.6729340642498658,1
2024-08-14,0,0.572495012080175,1,0.67791396,1,0.6995307913020172,1
2024-08-15,1,0.5725094162402204,1,0.663125,1,0.6456273579477505,1
2024-08-16,1,0.5803269081645163,1,0.72657263,1,0.5900473530215508,1
2024-08-19,1,0.5721348099230174,1,0.66412354,1,0.6389567676529223,1
2024-08-20,1,0.5263624853538234,1,0.5990206,1,0.454386599534489,0
2024-08-21,0,0.5095040241348526,1,0.435712,0,0.4729149014326257,0
2024-08-22,1,0.5070250607469502,1,0.42770627,0,0.3528834135017829,0
2024-08-23,0,0.44889221072641483,0,0.6313685,1,0.6321980967674281,1
2024-08-26,0,0.5862086902286591,1,0.56333476,1,0.7602151734858819,1
2024-08-27,0,0.5060187294745485,1,0.6132258,1,0.7919622277597348,1
2024-08-28,0,0.4588004485697177,0,0.40705636,0,0.5888885058685961,1
2024-08-29,1,0.44421754292751614,0,0.3765238,0,0.7052957014875308,1
2024-08-30,0,0.4720043576074342,0,0.42894417,0,0.5799109870508331,1
2024-09-04,0,0.44204545900871856,0,0.39886865,0,0.4106760938666474,0
2024-09-05,1,0.49253891166345093,0,0.46384186,0,0.6549322597596159,1
2024-09-06,0,0.4194288745263953,0,0.38292697,0,0.3346913681746089,0
2024-09-09,0,0.461810958849787,0,0.4570471,0,0.6527107697777983,1
2024-09-10,0,0.5054554019904945,1,0.5590183,1,0.6428340167253007,1
2024-09-11,1,0.49145127461808236,0,0.5784878,1,0.4779843037187108,0
2024-09-12,0,0.46324568912331265,0,0.34844154,0,0.343587242295128,0
2024-09-13,0,0.49727533050922557,0,0.46357703,0,0.4829953566640244,0
2024-09-16,1,0.5301792978091329,1,0.49274078,0,0.531850121306538,1
2024-09-17,1,0.5495754219447183,1,0.6619502,1,0.48725849953755834,0
2024-09-18,1,0.54568630076149,1,0.4433117,0,0.4697367403942782,0
2024-09-19,0,0.5333106628395324,1,0.42577988,0,0.4116198866191925,0
2024-09-20,0,0.5581426745100349,1,0.43482855,0,0.4302088862699906,0
2024-09-23,1,0.48991876619257513,0,0.4290211,0,0.6211921376810009,1
2024-09-24,1,0.5040733551163445,1,0.45780948,0,0.5743044580425398,1
2024-09-25,1,0.5540178468290117,1,0.5434098,1,0.6150533323470447,1
2024-09-26,0,0.5238484515463379,1,0.5188767,1,0.4872265261704234,0
2024-09-27,0,0.5017542971966894,1,0.320897,0,0.3881616413749498,0
2024-09-30,1,0.5218282427340198,1,0.44542733,0,0.7619064714411438,1
2024-10-01,0,0.4805194091233803,0,0.40006703,0,0.3592366572830366,0
2024-10-02,0,0.4271567280086802,0,0.3076877,0,0.3976082814606583,0
2024-10-03,0,0.4987826794997537,0,0.54728705,1,0.45553088158419375,0
2024-10-04,0,0.4794891399021138,0,0.37150428,0,0.5450529160006674,1
2024-10-07,1,0.4530136902950053,0,0.31413692,0,0.2782278511882992,0
2024-10-08,1,0.4476503167211907,0,0.43887925,0,0.7093259320569969,1
2024-10-09,1,0.47796319664580467,0,0.44304773,0,0.42449886132266174,0
2024-10-10,1,0.45624675074088683,0,0.41366923,0,0.33207781240668016,0
2024-10-11,0,0.4595018711108351,0,0.2994697,0,0.3027411434424564,0
2024-10-14,0,0.5302551184688191,1,0.56044924,1,0.5111114067734609,1
2024-10-15,0,0.4894036978331193,0,0.4074671,0,0.5148818171810794,1
2024-10-16,1,0.4549735472752266,0,0.46865973,0,0.39348816799215336,0
2024-10-17,0,0.4809912013049898,0,0.5479307,1,0.40417996203748724,0
2024-10-18,0,0.5376641494584495,1,0.61949044,1,0.259309700768557,0
2024-10-21,0,0.5013072984440285,1,0.420352,0,0.4546419156622713,0
2024-10-22,0,0.48565857263444534,0,0.5778826,1,0.5631280219312697,1
2024-10-23,0,0.498167653942783,0,0.44841123,0,0.3217406593391861,0
2024-10-24,0,0.4761014132577312,0,0.47853187,0,0.38195604789150667,0
2024-10-25,1,0.5112477810268914,1,0.5173665,1,0.4678984969773572,0
2024-10-28,1,0.48777914752058366,0,0.5020362,1,0.6148259290662096,1
2024-10-29,0,0.4806050535514364,0,0.45831683,0,0.5967274952286864,1
2024-10-30,1,0.5342091431497068,1,0.60263056,1,0.49321474770962553,0
2024-10-31,0,0.4785336197171857,0,0.5325852,1,0.4124408723823923,0
2024-11-01,0,0.5390724437967035,1,0.71454316,1,0.7015571226043495,1
2024-11-04,0,0.562864690089979,1,0.76695967,1,0.8248220696311741,1
2024-11-05,1,0.5421581489521953,1,0.6172687,1,0.7373284533968447,1
2024-11-06,0,0.5748032370183789,1,0.7774153,1,0.7404467404503184,1
2024-11-07,0,0.6055326821154722,1,0.8591415,1,0.6536811946503961,1
2024-11-08,0,0.5599114756166045,1,0.5903966,1,0.536683770856533,1
2024-11-11,0,0.5427082620390161,1,0.70312,1,0.6348773555411608,1
2024-11-12,0,0.5660935556820467,1,0.71526617,1,0.6315566035706545,1
2024-11-13,0,0.5464358436067919,1,0.73033655,1,0.5995907590875322,1
2024-11-14,0,0.539371910757618,1,0.5303487,1,0.5357126713440681,1
2024-11-15,0,0.4604130185198794,0,0.3483997,0,0.38538197849136113,0
2024-11-18,0,0.48281575286225586,0,0.36967146,0,0.6457656888198123,1
2024-11-19,1,0.5507384491839359,1,0.67069274,1,0.5309519031632092,1
2024-11-20,1,0.5194949034132609,1,0.5126898,1,0.4435377399127946,0
2024-11-21,0,0.49828424516414005,0,0.48866317,0,0.4146237123773705,0
2024-11-22,1,0.5700119772996267,1,0.6330164,1,0.4434519589954781,0
2024-11-25,1,0.5534463505961511,1,0.6286526,1,0.6122218256197425,1
2024-11-26,0,0.5972837726215139,1,0.8176476,1,0.7387296068477684,1
2024-11-27,0,0.5808391207963653,1,0.7586954,1,0.5991450549820554,1
2024-11-28,1,0.5119942862957338,1,0.55162776,1,0.6117525077586898,1
2024-11-29,0,0.5807898220628934,1,0.74751306,1,0.6917901387740493,1
2024-12-02,0,0.565688181979302,1,0.7229737,1,0.6950956424248769,1
2024-12-03,0,0.5079478963222754,1,0.43241197,0,0.5928360135462676,1
2024-12-04,1,0.562398820645764,1,0.55855316,1,0.5909482613135352,1
2024-12-05,1,0.5800321481728264,1,0.7319953,1,0.6553179722174781,1
2024-12-06,1,0.5838839284389826,1,0.7956292,1,0.4859264024750859,0
2024-12-09,0,0.49527944992498646,0,0.40605706,0,0.35232008957406535,0
2024-12-10,0,0.49030268039080427,0,0.4997305,0,0.40323393891780934,0
2024-12-11,0,0.5410490441088696,1,0.64579535,1,0.43349394412281483,0
2024-12-12,0,0.5157138728715266,1,0.52978295,1,0.35354406810141903,0
2024-12-13,0,0.5089014233608149,1,0.49254078,0,0.5076927888369567,1
2024-12-16,0,0.5581907124302528,1,0.6848324,1,0.6055609867503351,1
2024-12-17,1,0.5234342389889897,1,0.4174189,0,0.5165715635945743,1
2024-12-18,0,0.40236073086567614,0,0.2116264,0,0.03279988498351498,0
2024-12-19,1,0.49095545926942746,0,0.71896285,1,0.37150190191355675,0
2024-12-20,1,0.51911062334977,1,0.5327226,1,0.44897836427564064,0
2024-12-23,0,0.5410419888872213,1,0.5620662,1,0.4645412746355885,0
2024-12-24,1,0.5743509666223303,1,0.7433138,1,0.6087574919405851,1
2024-12-25,0,0.5546405668148235,1,0.5717063,1,0.5546391767275445,1
2024-12-26,1,0.5417458218418468,1,0.5463993,1,0.4744776038126517,0
2024-12-27,0,0.4793738548845653,0,0.29704505,0,0.3468077113620804,0
2024-12-30,0,0.442577022246939,0,0.50156134,1,0.491982263442852,0
2024-12-31,1,0.4431557516412806,0,0.48012453,0,0.554535814079693,1
2025-01-02,0,0.47738292279867456,0,0.40456823,0,0.4770695977085626,0
2025-01-03,0,0.5491741270862579,1,0.68570566,1,0.7291355222367498,1
2025-01-06,0,0.6000679971139982,1,0.8100435,1,0.7929108402605437,1
2025-01-07,1,0.5640199079201202,1,0.6932207,1,0.5321468892016561,1
2025-01-08,0,0.4549992912196954,0,0.42322132,0,0.43579928727752176,0
2025-01-09,0,0.503189280650782,1,0.54362404,1,0.4276600342176291,0
2025-01-10,1,0.5400838241487741,1,0.6168114,1,0.4018352823787376,0
2025-01-13,0,0.4707754834774123,0,0.52257377,1,0.5502834337539789,1
2025-01-14,1,0.5328797086855395,1,0.6173724,1,0.601015878637111,1
2025-01-15,1,0.552513822728773,1,0.750731,1,0.6375847170750569,1
2025-01-16,1,0.5163671229565608,1,0.5690441,1,0.48466797466303196,0
2025-01-17,0,0.5315190968339167,1,0.6380479,1,0.37131872351578266,0
2025-01-20,0,0.5171744021072876,1,0.4534068,0,0.7974821778886234,1
2025-01-21,0,0.5833987691316092,1,0.64108473,1,0.863936127792485,1
2025-01-22,1,0.5553671226045561,1,0.583495,1,0.8088722926814562,1
2025-01-23,1,0.5879100461356865,1,0.8238117,1,0.803898436657051,1
2025-01-24,0,0.580284703382853,1,0.77633417,1,0.7859096438163304,1
2025-02-03,1,0.5246701524352769,1,0.6965596,1,0.8331526313501832,1
2025-02-04,1,0.49311374183752915,0,0.54564124,1,0.8499116964842299,1
2025-02-05,1,0.5838243383283397,1,0.7315742,1,0.9053097118067408,1
2025-02-06,1,0.5239078116096357,1,0.578912,1,0.730723054945944,1
2025-02-07,0,0.48785052137178686,0,0.49572957,0,0.6522568252949892,1
2025-02-10,1,0.5406033492450106,1,0.6656075,1,0.6223027877098427,1
2025-02-11,0,0.5049926080321011,1,0.5135191,1,0.5045232839699961,1
2025-02-12,1,0.5293124262613255,1,0.5665759,1,0.34723172635734034,0
2025-02-13,1,0.5111038531227243,1,0.47129002,0,0.4449558522200451,0
2025-02-14,0,0.5748742034331138,1,0.7456705,1,0.5718243003774461,1
2025-02-17,1,0.5844022274573013,1,0.79061747,1,0.773771715543991,1
2025-02-18,1,0.5299843699425758,1,0.6252219,1,0.6138965032616609,1
2025-02-19,1,0.5435141342384152,1,0.71920055,1,0.5515094216906892,1
2025-02-20,1,0.5240414332545136,1,0.5260776,1,0.5868705724527553,1
2025-02-21,1,0.48831582360024534,0,0.3161774,0,0.17167079295278218,0
2025-02-24,0,0.48281407821883077,0,0.48332456,0,0.4155143664424791,0
2025-02-25,0,0.527533349531408,1,0.6393365,1,0.6382958798215568,1
2025-02-26,1,0.46994556139271915,0,0.28420636,0,0.482095201477435,0
2025-02-27,0,0.49276597183554166,0,0.38592848,0,0.4176816197285611,0
2025-02-28,1,0.5203927550644271,1,0.7266023,1,0.6580742662043944,1
2025-03-03,1,0.4977267192147778,0,0.41744146,0,0.2326984986948609,0
2025-03-04,0,0.5261301178542798,1,0.7604942,1,0.5711276352649902,1
2025-03-05,1,0.49928216386472885,0,0.5359814,1,0.5624343147360628,1
2025-03-06,1,0.5164227869304521,1,0.38586244,0,0.3321024231272365,0
2025-03-07,1,0.5542205748466218,1,0.8111159,1,0.6655131635115457,1
2025-03-10,1,0.5009153766426163,1,0.3655575,0,0.4981044415693585,0
2025-03-11,1,0.45067841197745667,0,0.26465338,0,0.4862506336708193,0
2025-03-12,0,0.49679616755424255,0,0.3548618,0,0.5434834220049919,1
2025-03-13,0,0.5116652497340123,1,0.49845946,0,0.40013572503120465,0
2025-03-14,1,0.48457549196633226,0,0.5439143,1,0.38531402817987787,0
2025-03-17,0,0.5549179154624224,1,0.7107301,1,0.6210548046316281,1
2025-03-18,0,0.514321809771867,1,0.530513,1,0.4244708310831307,0
2025-03-19,0,0.46981315434109283,0,0.42627388,0,0.4445827143137482,0
2025-03-20,0,0.4894164172253974,0,0.40258646,0,0.5112651937272895,1
